[2026-09-01 13:20:31.130] [INFO   ] [jarvis] J.A.R.V.I.S. Structured Logging Subsystem initialized (Log File: E:\J.A.R.V.I.S - Upgraded\data\logs\jarvis.log)
[2026-09-01 13:21:28.487] [INFO   ] [jarvis] J.A.R.V.I.S. Structured Logging Subsystem initialized (Log File: E:\J.A.R.V.I.S - Upgraded\data\logs\jarvis.log)
[2026-09-01 13:22:09.048] [INFO   ] [jarvis] J.A.R.V.I.S. Structured Logging Subsystem initialized (Log File: E:\J.A.R.V.I.S - Upgraded\data\logs\jarvis.log)
[2026-09-01 13:22:09.048] [INFO   ] [jarvis.test] Verification test log entry successfully written.
[2026-09-01 13:26:19.145] [INFO   ] [jarvis] J.A.R.V.I.S. Structured Logging Subsystem initialized (Log File: E:\J.A.R.V.I.S - Upgraded\data\logs\jarvis.log)
[2026-09-01 13:26:20.956] [INFO   ] [jarvis] ============================================================
[2026-09-01 13:26:20.957] [INFO   ] [jarvis]    J.A.R.V.I.S. v3.0 STARK HORIZON CORE SPINE INITIALIZING  
[2026-09-01 13:26:20.958] [INFO   ] [jarvis] ============================================================
[2026-09-01 13:26:20.958] [INFO   ] [jarvis] Endpoint: http://127.0.0.1:8765
[2026-09-01 13:26:20.959] [INFO   ] [jarvis] Root Directory: E:\J.A.R.V.I.S - Upgraded
[2026-09-01 13:26:20.959] [INFO   ] [jarvis] Data Directory: E:\J.A.R.V.I.S - Upgraded\data
[2026-09-01 13:26:20.960] [INFO   ] [jarvis] Process PID 14212 pinned to P-Core threads: [0, 1, 2, 3]
[2026-09-01 13:26:20.980] [INFO   ] [jarvis] Perception Audio Pipeline & Laptop Microphone intake initialized.
[2026-09-01 13:27:08.245] [INFO   ] [jarvis] [LAPTOP VOICE INTAKE] Transcribed: '[Audio Utterance 6.48s | RMS 0.0124]'
[2026-09-01 13:27:08.246] [INFO   ] [jarvis] [LAPTOP VOICE INTAKE] Transcribed: '[Audio Utterance 1.68s | RMS 0.0087]'
[2026-09-01 13:32:20.000] [INFO   ] [jarvis] J.A.R.V.I.S. Structured Logging Subsystem initialized (Log File: E:\J.A.R.V.I.S - Upgraded\data\logs\jarvis.log)
[2026-09-01 13:34:37.649] [INFO   ] [jarvis] J.A.R.V.I.S. Structured Logging Subsystem initialized (Log File: E:\J.A.R.V.I.S - Upgraded\data\logs\jarvis.log)
[2026-09-01 13:34:40.456] [INFO   ] [jarvis.memory] ChromaDB vector vault loaded successfully at E:\J.A.R.V.I.S - Upgraded\data\vault\chroma
[2026-09-01 13:34:41.012] [INFO   ] [jarvis.code_graph] AST Code Graph constructed: 77 nodes, 128 edges
[2026-09-01 13:34:41.497] [INFO   ] [jarvis.code_graph] AST Code Graph constructed: 77 nodes, 128 edges
[2026-09-01 13:34:49.932] [INFO   ] [jarvis.memory] ChromaDB vector vault loaded successfully at E:\J.A.R.V.I.S - Upgraded\data\vault\chroma
[2026-09-01 13:34:49.942] [INFO   ] [jarvis.memory] SemanticMemoryVault cleared successfully.
[2026-09-01 13:34:51.916] [INFO   ] [jarvis.memory] ChromaDB vector vault loaded successfully at E:\J.A.R.V.I.S - Upgraded\data\vault\chroma
[2026-09-01 13:35:12.430] [INFO   ] [jarvis.memory] ChromaDB vector vault loaded successfully at E:\J.A.R.V.I.S - Upgraded\data\vault\chroma
[2026-09-01 13:35:20.909] [INFO   ] [jarvis.memory] ChromaDB vector vault loaded successfully at E:\J.A.R.V.I.S - Upgraded\data\vault\chroma
[2026-09-01 13:35:28.837] [INFO   ] [jarvis.memory] ChromaDB vector vault loaded successfully at E:\J.A.R.V.I.S - Upgraded\data\vault\chroma
[2026-09-01 13:36:57.133] [INFO   ] [jarvis] J.A.R.V.I.S. Structured Logging Subsystem initialized (Log File: E:\J.A.R.V.I.S - Upgraded\data\logs\jarvis.log)
[2026-09-01 13:36:59.485] [INFO   ] [jarvis.memory] ChromaDB vector vault loaded successfully at E:\J.A.R.V.I.S - Upgraded\data\vault\chroma
[2026-09-01 13:37:00.052] [INFO   ] [jarvis.code_graph] AST Code Graph constructed: 77 nodes, 128 edges
[2026-09-01 13:37:00.443] [INFO   ] [jarvis.code_graph] AST Code Graph constructed: 77 nodes, 128 edges
[2026-09-01 13:38:56.898] [INFO   ] [jarvis] J.A.R.V.I.S. Structured Logging Subsystem initialized (Log File: E:\J.A.R.V.I.S - Upgraded\data\logs\jarvis.log)
[2026-09-01 13:38:56.942] [INFO   ] [jarvis] J.A.R.V.I.S. Structured Logging Subsystem initialized (Log File: E:\J.A.R.V.I.S - Upgraded\data\logs\jarvis.log)
[2026-09-01 13:38:58.241] [INFO   ] [jarvis.memory] ChromaDB vector vault loaded successfully at E:\J.A.R.V.I.S - Upgraded\data\vault\chroma
[2026-09-01 13:38:58.368] [INFO   ] [jarvis.code_graph] AST Code Graph constructed: 77 nodes, 128 edges
[2026-09-01 13:38:58.387] [INFO   ] [jarvis.memory] ChromaDB vector vault loaded successfully at E:\J.A.R.V.I.S - Upgraded\data\vault\chroma
[2026-09-01 13:38:58.486] [INFO   ] [jarvis] ============================================================
[2026-09-01 13:38:58.487] [INFO   ] [jarvis]    J.A.R.V.I.S. v3.0 STARK HORIZON CORE SPINE INITIALIZING  
[2026-09-01 13:38:58.487] [INFO   ] [jarvis] ============================================================
[2026-09-01 13:38:58.488] [INFO   ] [jarvis] Endpoint: http://127.0.0.1:8765
[2026-09-01 13:38:58.489] [INFO   ] [jarvis] Root Directory: E:\J.A.R.V.I.S - Upgraded
[2026-09-01 13:38:58.490] [INFO   ] [jarvis] Data Directory: E:\J.A.R.V.I.S - Upgraded\data
[2026-09-01 13:38:58.491] [INFO   ] [jarvis] Process PID 18384 pinned to P-Core threads: [0, 1, 2, 3]
[2026-09-01 13:38:58.513] [INFO   ] [jarvis.memory] ChromaDB vector vault loaded successfully at E:\J.A.R.V.I.S - Upgraded\data\vault\chroma
[2026-09-01 13:38:58.516] [INFO   ] [jarvis] Perception Audio Pipeline & Laptop Microphone intake initialized.
[2026-09-01 13:39:55.600] [INFO   ] [jarvis] J.A.R.V.I.S. Structured Logging Subsystem initialized (Log File: E:\J.A.R.V.I.S - Upgraded\data\logs\jarvis.log)
[2026-09-01 13:39:55.667] [INFO   ] [jarvis] J.A.R.V.I.S. Structured Logging Subsystem initialized (Log File: E:\J.A.R.V.I.S - Upgraded\data\logs\jarvis.log)
[2026-09-01 13:39:56.486] [INFO   ] [jarvis.code_graph] AST Code Graph constructed: 77 nodes, 128 edges
[2026-09-01 13:39:56.793] [INFO   ] [jarvis.memory] ChromaDB vector vault loaded successfully at E:\J.A.R.V.I.S - Upgraded\data\vault\chroma
[2026-09-01 13:39:56.965] [INFO   ] [jarvis.memory] ChromaDB vector vault loaded successfully at E:\J.A.R.V.I.S - Upgraded\data\vault\chroma
[2026-09-01 13:39:57.035] [INFO   ] [jarvis] ============================================================
[2026-09-01 13:39:57.036] [INFO   ] [jarvis]    J.A.R.V.I.S. v3.0 STARK HORIZON CORE SPINE INITIALIZING  
[2026-09-01 13:39:57.036] [INFO   ] [jarvis] ============================================================
[2026-09-01 13:39:57.037] [INFO   ] [jarvis] Endpoint: http://127.0.0.1:8765
[2026-09-01 13:39:57.037] [INFO   ] [jarvis] Root Directory: E:\J.A.R.V.I.S - Upgraded
[2026-09-01 13:39:57.038] [INFO   ] [jarvis] Data Directory: E:\J.A.R.V.I.S - Upgraded\data
[2026-09-01 13:39:57.039] [INFO   ] [jarvis] Process PID 1768 pinned to P-Core threads: [0, 1, 2, 3]
[2026-09-01 13:39:57.061] [INFO   ] [jarvis.memory] ChromaDB vector vault loaded successfully at E:\J.A.R.V.I.S - Upgraded\data\vault\chroma
[2026-09-01 13:39:57.063] [INFO   ] [jarvis] Perception Audio Pipeline & Laptop Microphone intake initialized.
[2026-09-01 13:41:12.520] [INFO   ] [jarvis] J.A.R.V.I.S. Structured Logging Subsystem initialized (Log File: E:\J.A.R.V.I.S - Upgraded\data\logs\jarvis.log)
[2026-09-01 13:41:12.870] [INFO   ] [jarvis] J.A.R.V.I.S. Structured Logging Subsystem initialized (Log File: E:\J.A.R.V.I.S - Upgraded\data\logs\jarvis.log)
[2026-09-01 13:41:13.269] [INFO   ] [jarvis.memory] ChromaDB vector vault loaded successfully at E:\J.A.R.V.I.S - Upgraded\data\vault\chroma
[2026-09-01 13:41:13.390] [INFO   ] [jarvis.memory] ChromaDB vector vault loaded successfully at E:\J.A.R.V.I.S - Upgraded\data\vault\chroma
[2026-09-01 13:41:13.443] [INFO   ] [jarvis] ============================================================
[2026-09-01 13:41:13.444] [INFO   ] [jarvis]    J.A.R.V.I.S. v3.0 STARK HORIZON CORE SPINE INITIALIZING  
[2026-09-01 13:41:13.444] [INFO   ] [jarvis] ============================================================
[2026-09-01 13:41:13.445] [INFO   ] [jarvis] Endpoint: http://127.0.0.1:8765
[2026-09-01 13:41:13.445] [INFO   ] [jarvis] Root Directory: E:\J.A.R.V.I.S - Upgraded
[2026-09-01 13:41:13.445] [INFO   ] [jarvis] Data Directory: E:\J.A.R.V.I.S - Upgraded\data
[2026-09-01 13:41:13.446] [INFO   ] [jarvis] Process PID 17552 pinned to P-Core threads: [0, 1, 2, 3]
[2026-09-01 13:41:13.459] [INFO   ] [jarvis.memory] ChromaDB vector vault loaded successfully at E:\J.A.R.V.I.S - Upgraded\data\vault\chroma
[2026-09-01 13:41:13.462] [INFO   ] [jarvis] Perception Audio Pipeline & Laptop Microphone intake initialized.
[2026-09-01 13:41:13.664] [INFO   ] [jarvis.code_graph] AST Code Graph constructed: 77 nodes, 128 edges
[2026-09-01 13:42:38.442] [INFO   ] [jarvis] J.A.R.V.I.S. Structured Logging Subsystem initialized (Log File: E:\J.A.R.V.I.S - Upgraded\data\logs\jarvis.log)
[2026-09-01 13:42:48.642] [INFO   ] [jarvis] J.A.R.V.I.S. Structured Logging Subsystem initialized (Log File: E:\J.A.R.V.I.S - Upgraded\data\logs\jarvis.log)
[2026-09-01 13:42:49.080] [INFO   ] [jarvis] J.A.R.V.I.S. Structured Logging Subsystem initialized (Log File: E:\J.A.R.V.I.S - Upgraded\data\logs\jarvis.log)
[2026-09-01 13:42:49.429] [INFO   ] [jarvis.memory] ChromaDB vector vault loaded successfully at E:\J.A.R.V.I.S - Upgraded\data\vault\chroma
[2026-09-01 13:42:49.513] [INFO   ] [jarvis.memory] ChromaDB vector vault loaded successfully at E:\J.A.R.V.I.S - Upgraded\data\vault\chroma
[2026-09-01 13:42:49.544] [INFO   ] [jarvis] ============================================================
[2026-09-01 13:42:49.544] [INFO   ] [jarvis]    J.A.R.V.I.S. v3.0 STARK HORIZON CORE SPINE INITIALIZING  
[2026-09-01 13:42:49.545] [INFO   ] [jarvis] ============================================================
[2026-09-01 13:42:49.545] [INFO   ] [jarvis] Endpoint: http://127.0.0.1:8765
[2026-09-01 13:42:49.545] [INFO   ] [jarvis] Root Directory: E:\J.A.R.V.I.S - Upgraded
[2026-09-01 13:42:49.545] [INFO   ] [jarvis] Data Directory: E:\J.A.R.V.I.S - Upgraded\data
[2026-09-01 13:42:49.546] [INFO   ] [jarvis] Process PID 1704 pinned to P-Core threads: [0, 1, 2, 3]
[2026-09-01 13:42:49.555] [INFO   ] [jarvis.memory] ChromaDB vector vault loaded successfully at E:\J.A.R.V.I.S - Upgraded\data\vault\chroma
[2026-09-01 13:42:49.556] [INFO   ] [jarvis] Perception Audio Pipeline & Laptop Microphone intake initialized.
[2026-09-01 13:42:49.625] [INFO   ] [jarvis.code_graph] AST Code Graph constructed: 77 nodes, 128 edges
[2026-09-01 13:43:05.827] [INFO   ] [jarvis] J.A.R.V.I.S. Structured Logging Subsystem initialized (Log File: E:\J.A.R.V.I.S - Upgraded\data\logs\jarvis.log)
[2026-09-01 13:43:24.982] [INFO   ] [jarvis] J.A.R.V.I.S. Structured Logging Subsystem initialized (Log File: E:\J.A.R.V.I.S - Upgraded\data\logs\jarvis.log)
[2026-09-01 13:43:46.836] [INFO   ] [jarvis] J.A.R.V.I.S. Structured Logging Subsystem initialized (Log File: E:\J.A.R.V.I.S - Upgraded\data\logs\jarvis.log)
[2026-09-01 13:43:59.539] [INFO   ] [jarvis] J.A.R.V.I.S. Structured Logging Subsystem initialized (Log File: E:\J.A.R.V.I.S - Upgraded\data\logs\jarvis.log)
[2026-09-01 13:43:59.831] [INFO   ] [jarvis.code_graph] AST Code Graph constructed: 77 nodes, 128 edges
[2026-09-01 13:44:27.921] [INFO   ] [jarvis] J.A.R.V.I.S. Structured Logging Subsystem initialized (Log File: E:\J.A.R.V.I.S - Upgraded\data\logs\jarvis.log)
[2026-09-01 13:44:28.141] [INFO   ] [jarvis.code_graph] AST Code Graph constructed: 77 nodes, 128 edges
[2026-09-01 13:44:40.401] [INFO   ] [jarvis] J.A.R.V.I.S. Structured Logging Subsystem initialized (Log File: E:\J.A.R.V.I.S - Upgraded\data\logs\jarvis.log)
[2026-09-01 13:44:40.875] [INFO   ] [jarvis.code_graph] AST Code Graph constructed: 77 nodes, 128 edges
[2026-09-01 13:45:02.669] [INFO   ] [jarvis] J.A.R.V.I.S. Structured Logging Subsystem initialized (Log File: E:\J.A.R.V.I.S - Upgraded\data\logs\jarvis.log)
[2026-09-01 13:45:03.249] [INFO   ] [jarvis.memory] ChromaDB vector vault loaded successfully at E:\J.A.R.V.I.S - Upgraded\data\vault\chroma
[2026-09-01 13:45:03.323] [INFO   ] [jarvis.memory] ChromaDB vector vault loaded successfully at E:\J.A.R.V.I.S - Upgraded\data\vault\chroma
[2026-09-01 13:45:03.354] [INFO   ] [jarvis] ============================================================
[2026-09-01 13:45:03.354] [INFO   ] [jarvis]    J.A.R.V.I.S. v3.0 STARK HORIZON CORE SPINE INITIALIZING  
[2026-09-01 13:45:03.354] [INFO   ] [jarvis] ============================================================
[2026-09-01 13:45:03.355] [INFO   ] [jarvis] Endpoint: http://127.0.0.1:8765
[2026-09-01 13:45:03.356] [INFO   ] [jarvis] Root Directory: E:\J.A.R.V.I.S - Upgraded
[2026-09-01 13:45:03.356] [INFO   ] [jarvis] Data Directory: E:\J.A.R.V.I.S - Upgraded\data
[2026-09-01 13:45:03.357] [INFO   ] [jarvis] Process PID 25160 pinned to P-Core threads: [0, 1, 2, 3]
[2026-09-01 13:45:03.364] [INFO   ] [jarvis.memory] ChromaDB vector vault loaded successfully at E:\J.A.R.V.I.S - Upgraded\data\vault\chroma
[2026-09-01 13:45:03.365] [INFO   ] [jarvis] Perception Audio Pipeline & Laptop Microphone intake initialized.
[2026-09-01 13:45:03.367] [INFO   ] [jarvis] Gracefully shutting down J.A.R.V.I.S. Core Spine Server...
[2026-09-01 13:45:44.144] [INFO   ] [jarvis] J.A.R.V.I.S. Structured Logging Subsystem initialized (Log File: E:\J.A.R.V.I.S - Upgraded\data\logs\jarvis.log)
[2026-09-01 13:45:44.469] [INFO   ] [jarvis] J.A.R.V.I.S. Structured Logging Subsystem initialized (Log File: E:\J.A.R.V.I.S - Upgraded\data\logs\jarvis.log)
[2026-09-01 13:45:44.850] [INFO   ] [jarvis.memory] ChromaDB vector vault loaded successfully at E:\J.A.R.V.I.S - Upgraded\data\vault\chroma
[2026-09-01 13:45:44.940] [INFO   ] [jarvis.memory] ChromaDB vector vault loaded successfully at E:\J.A.R.V.I.S - Upgraded\data\vault\chroma
[2026-09-01 13:45:44.968] [INFO   ] [jarvis.code_graph] AST Code Graph constructed: 77 nodes, 128 edges
[2026-09-01 13:45:44.977] [INFO   ] [jarvis] ============================================================
[2026-09-01 13:45:44.977] [INFO   ] [jarvis]    J.A.R.V.I.S. v3.0 STARK HORIZON CORE SPINE INITIALIZING  
[2026-09-01 13:45:44.978] [INFO   ] [jarvis] ============================================================
[2026-09-01 13:45:44.978] [INFO   ] [jarvis] Endpoint: http://127.0.0.1:8765
[2026-09-01 13:45:44.978] [INFO   ] [jarvis] Root Directory: E:\J.A.R.V.I.S - Upgraded
[2026-09-01 13:45:44.979] [INFO   ] [jarvis] Data Directory: E:\J.A.R.V.I.S - Upgraded\data
[2026-09-01 13:45:44.979] [INFO   ] [jarvis] Process PID 22756 pinned to P-Core threads: [0, 1, 2, 3]
[2026-09-01 13:45:44.987] [INFO   ] [jarvis.memory] ChromaDB vector vault loaded successfully at E:\J.A.R.V.I.S - Upgraded\data\vault\chroma
[2026-09-01 13:45:44.988] [INFO   ] [jarvis] Perception Audio Pipeline & Laptop Microphone intake initialized.
[2026-09-01 13:48:16.842] [INFO   ] [jarvis] J.A.R.V.I.S. Structured Logging Subsystem initialized (Log File: E:\J.A.R.V.I.S - Upgraded\data\logs\jarvis.log)
[2026-09-01 13:48:18.187] [INFO   ] [jarvis.memory] ChromaDB vector vault loaded successfully at E:\J.A.R.V.I.S - Upgraded\data\vault\chroma
[2026-09-01 13:48:18.531] [INFO   ] [jarvis.code_graph] AST Code Graph constructed: 77 nodes, 128 edges
[2026-09-01 13:48:18.770] [INFO   ] [jarvis.code_graph] AST Code Graph constructed: 77 nodes, 128 edges
[2026-09-01 13:49:59.631] [INFO   ] [jarvis] J.A.R.V.I.S. Structured Logging Subsystem initialized (Log File: E:\J.A.R.V.I.S - Upgraded\data\logs\jarvis.log)
[2026-09-01 13:50:00.813] [INFO   ] [jarvis.memory] ChromaDB vector vault loaded successfully at E:\J.A.R.V.I.S - Upgraded\data\vault\chroma
[2026-09-01 13:51:10.974] [INFO   ] [jarvis] J.A.R.V.I.S. Structured Logging Subsystem initialized (Log File: E:\J.A.R.V.I.S - Upgraded\data\logs\jarvis.log)
[2026-09-01 13:51:11.806] [INFO   ] [jarvis.memory] ChromaDB vector vault loaded successfully at E:\J.A.R.V.I.S - Upgraded\data\vault\chroma
[2026-09-01 13:51:49.793] [INFO   ] [jarvis] J.A.R.V.I.S. Structured Logging Subsystem initialized (Log File: E:\J.A.R.V.I.S - Upgraded\data\logs\jarvis.log)
[2026-09-01 13:51:50.390] [INFO   ] [jarvis.memory] ChromaDB vector vault loaded successfully at E:\J.A.R.V.I.S - Upgraded\data\vault\chroma
[2026-09-01 13:52:19.024] [INFO   ] [jarvis] J.A.R.V.I.S. Structured Logging Subsystem initialized (Log File: E:\J.A.R.V.I.S - Upgraded\data\logs\jarvis.log)
[2026-09-01 13:52:19.855] [INFO   ] [jarvis.memory] ChromaDB vector vault loaded successfully at E:\J.A.R.V.I.S - Upgraded\data\vault\chroma
[2026-09-01 13:53:20.887] [INFO   ] [jarvis] J.A.R.V.I.S. Structured Logging Subsystem initialized (Log File: E:\J.A.R.V.I.S - Upgraded\data\logs\jarvis.log)
[2026-09-01 13:53:21.873] [INFO   ] [jarvis.memory] ChromaDB vector vault loaded successfully at E:\J.A.R.V.I.S - Upgraded\data\vault\chroma
[2026-09-01 13:54:27.914] [INFO   ] [jarvis] J.A.R.V.I.S. Structured Logging Subsystem initialized (Log File: E:\J.A.R.V.I.S - Upgraded\data\logs\jarvis.log)
[2026-09-01 13:54:28.879] [INFO   ] [jarvis.memory] ChromaDB vector vault loaded successfully at E:\J.A.R.V.I.S - Upgraded\data\vault\chroma
[2026-09-01 13:54:58.844] [INFO   ] [jarvis] J.A.R.V.I.S. Structured Logging Subsystem initialized (Log File: E:\J.A.R.V.I.S - Upgraded\data\logs\jarvis.log)
[2026-09-01 13:54:59.914] [INFO   ] [jarvis.memory] ChromaDB vector vault loaded successfully at E:\J.A.R.V.I.S - Upgraded\data\vault\chroma
[2026-09-01 13:55:40.415] [INFO   ] [jarvis] J.A.R.V.I.S. Structured Logging Subsystem initialized (Log File: E:\J.A.R.V.I.S - Upgraded\data\logs\jarvis.log)
[2026-09-01 13:55:41.518] [INFO   ] [jarvis.memory] ChromaDB vector vault loaded successfully at E:\J.A.R.V.I.S - Upgraded\data\vault\chroma
[2026-09-01 13:56:41.183] [INFO   ] [jarvis] J.A.R.V.I.S. Structured Logging Subsystem initialized (Log File: E:\J.A.R.V.I.S - Upgraded\data\logs\jarvis.log)
[2026-09-01 13:56:43.691] [INFO   ] [jarvis.memory] ChromaDB vector vault loaded successfully at E:\J.A.R.V.I.S - Upgraded\data\vault\chroma
[2026-09-01 13:56:44.346] [INFO   ] [jarvis.code_graph] AST Code Graph constructed: 77 nodes, 128 edges
[2026-09-01 13:56:44.813] [INFO   ] [jarvis.code_graph] AST Code Graph constructed: 77 nodes, 128 edges
[2026-09-01 13:57:52.150] [INFO   ] [jarvis] J.A.R.V.I.S. Structured Logging Subsystem initialized (Log File: E:\J.A.R.V.I.S - Upgraded\data\logs\jarvis.log)
[2026-09-01 13:57:53.524] [INFO   ] [jarvis.memory] ChromaDB vector vault loaded successfully at E:\J.A.R.V.I.S - Upgraded\data\vault\chroma
[2026-09-01 13:58:24.179] [INFO   ] [jarvis] J.A.R.V.I.S. Structured Logging Subsystem initialized (Log File: E:\J.A.R.V.I.S - Upgraded\data\logs\jarvis.log)
[2026-09-01 13:58:25.077] [INFO   ] [jarvis.memory] ChromaDB vector vault loaded successfully at E:\J.A.R.V.I.S - Upgraded\data\vault\chroma
[2026-09-01 13:59:23.018] [INFO   ] [jarvis] J.A.R.V.I.S. Structured Logging Subsystem initialized (Log File: E:\J.A.R.V.I.S - Upgraded\data\logs\jarvis.log)
[2026-09-01 13:59:24.169] [INFO   ] [jarvis.memory] ChromaDB vector vault loaded successfully at E:\J.A.R.V.I.S - Upgraded\data\vault\chroma
[2026-09-01 13:59:57.918] [INFO   ] [jarvis] J.A.R.V.I.S. Structured Logging Subsystem initialized (Log File: E:\J.A.R.V.I.S - Upgraded\data\logs\jarvis.log)
[2026-09-01 13:59:58.751] [INFO   ] [jarvis.memory] ChromaDB vector vault loaded successfully at E:\J.A.R.V.I.S - Upgraded\data\vault\chroma
[2026-09-01 14:00:28.668] [INFO   ] [jarvis] J.A.R.V.I.S. Structured Logging Subsystem initialized (Log File: E:\J.A.R.V.I.S - Upgraded\data\logs\jarvis.log)
[2026-09-01 14:00:29.367] [INFO   ] [jarvis.memory] ChromaDB vector vault loaded successfully at E:\J.A.R.V.I.S - Upgraded\data\vault\chroma
[2026-09-01 14:01:27.219] [INFO   ] [jarvis] J.A.R.V.I.S. Structured Logging Subsystem initialized (Log File: E:\J.A.R.V.I.S - Upgraded\data\logs\jarvis.log)
[2026-09-01 14:01:59.818] [INFO   ] [jarvis] J.A.R.V.I.S. Structured Logging Subsystem initialized (Log File: E:\J.A.R.V.I.S - Upgraded\data\logs\jarvis.log)
[2026-09-01 14:04:19.562] [INFO   ] [jarvis] J.A.R.V.I.S. Structured Logging Subsystem initialized (Log File: E:\J.A.R.V.I.S - Upgraded\data\logs\jarvis.log)
[2026-09-01 14:04:30.550] [INFO   ] [jarvis] J.A.R.V.I.S. Structured Logging Subsystem initialized (Log File: E:\J.A.R.V.I.S - Upgraded\data\logs\jarvis.log)
[2026-09-01 14:04:31.917] [INFO   ] [jarvis.code_graph] AST Code Graph constructed: 77 nodes, 128 edges
[2026-09-01 14:04:32.335] [INFO   ] [jarvis.code_graph] AST Code Graph constructed: 77 nodes, 128 edges
[2026-09-01 14:04:48.932] [INFO   ] [jarvis.memory] SemanticMemoryVault cleared successfully.
[2026-09-01 14:04:50.059] [INFO   ] [jarvis.memory] ChromaDB vector vault loaded successfully at E:\J.A.R.V.I.S - Upgraded\data\vault\chroma
[2026-09-01 14:04:52.356] [INFO   ] [jarvis.memory] ChromaDB vector vault loaded successfully at E:\J.A.R.V.I.S - Upgraded\data\vault\chroma
[2026-09-01 14:05:10.282] [INFO   ] [jarvis.memory] ChromaDB vector vault loaded successfully at E:\J.A.R.V.I.S - Upgraded\data\vault\chroma
[2026-09-01 14:05:16.482] [INFO   ] [jarvis.memory] ChromaDB vector vault loaded successfully at E:\J.A.R.V.I.S - Upgraded\data\vault\chroma
[2026-09-01 14:08:54.804] [INFO   ] [jarvis] J.A.R.V.I.S. Structured Logging Subsystem initialized (Log File: E:\J.A.R.V.I.S - Upgraded\data\logs\jarvis.log)
[2026-09-01 14:08:55.076] [INFO   ] [jarvis] ============================================================
[2026-09-01 14:08:55.078] [INFO   ] [jarvis]    J.A.R.V.I.S. v3.0 STARK HORIZON CORE SPINE INITIALIZING  
[2026-09-01 14:08:55.079] [INFO   ] [jarvis] ============================================================
[2026-09-01 14:08:55.079] [INFO   ] [jarvis] Endpoint: http://127.0.0.1:8765
[2026-09-01 14:08:55.079] [INFO   ] [jarvis] Root Directory: E:\J.A.R.V.I.S - Upgraded
[2026-09-01 14:08:55.079] [INFO   ] [jarvis] Data Directory: E:\J.A.R.V.I.S - Upgraded\data
[2026-09-01 14:08:55.080] [INFO   ] [jarvis] Process PID 3508 pinned to P-Core threads: [0, 1, 2, 3]
[2026-09-01 14:08:55.146] [INFO   ] [jarvis] Perception Audio Pipeline & Laptop Microphone intake initialized.
[2026-09-01 14:08:55.234] [INFO   ] [jarvis] J.A.R.V.I.S. Structured Logging Subsystem initialized (Log File: E:\J.A.R.V.I.S - Upgraded\data\logs\jarvis.log)
[2026-09-01 14:08:56.030] [INFO   ] [jarvis.code_graph] AST Code Graph constructed: 77 nodes, 128 edges
[2026-09-01 14:19:00.871] [INFO   ] [jarvis] J.A.R.V.I.S. Structured Logging Subsystem initialized (Log File: E:\J.A.R.V.I.S - Upgraded\data\logs\jarvis.log)
[2026-09-01 14:19:01.718] [INFO   ] [jarvis.code_graph] AST Code Graph constructed: 77 nodes, 128 edges
[2026-09-01 14:19:01.935] [INFO   ] [jarvis.code_graph] AST Code Graph constructed: 77 nodes, 128 edges
[2026-09-01 14:19:18.732] [INFO   ] [jarvis.memory] SemanticMemoryVault cleared successfully.
[2026-09-01 14:19:19.311] [INFO   ] [jarvis.memory] ChromaDB vector vault loaded successfully at E:\J.A.R.V.I.S - Upgraded\data\vault\chroma
[2026-09-01 14:19:20.183] [INFO   ] [jarvis.memory] ChromaDB vector vault loaded successfully at E:\J.A.R.V.I.S - Upgraded\data\vault\chroma
[2026-09-01 14:19:34.985] [INFO   ] [jarvis.memory] ChromaDB vector vault loaded successfully at E:\J.A.R.V.I.S - Upgraded\data\vault\chroma
[2026-09-01 14:19:41.697] [INFO   ] [jarvis.memory] ChromaDB vector vault loaded successfully at E:\J.A.R.V.I.S - Upgraded\data\vault\chroma
[2026-09-01 14:38:26.340] [INFO   ] [jarvis] J.A.R.V.I.S. Structured Logging Subsystem initialized (Log File: E:\J.A.R.V.I.S - Upgraded\data\logs\jarvis.log)
[2026-09-01 14:38:42.607] [INFO   ] [jarvis] J.A.R.V.I.S. Structured Logging Subsystem initialized (Log File: E:\J.A.R.V.I.S - Upgraded\data\logs\jarvis.log)
[2026-09-01 14:38:55.509] [INFO   ] [jarvis] J.A.R.V.I.S. Structured Logging Subsystem initialized (Log File: E:\J.A.R.V.I.S - Upgraded\data\logs\jarvis.log)
[2026-09-01 14:38:55.818] [INFO   ] [jarvis.hardware.npu] [NPU ENGINE] NPU not directly mapped — operating on high-efficiency CPU/GPU pipeline.
[2026-09-01 14:38:55.876] [INFO   ] [jarvis.audio.persona] [PERSONA] Switched to F.R.I.D.A.Y. in 0.001ms
[2026-09-01 14:38:55.876] [INFO   ] [jarvis.audio.persona] [PERSONA] Switched to E.D.I.T.H. in 0.002ms
[2026-09-01 14:38:55.948] [INFO   ] [jarvis.sync.satellite] [SATELLITE SYNC] Registered satellite device iphone_pro (mobile) at 192.168.1.55
[2026-09-01 14:39:01.166] [INFO   ] [jarvis.security.zerotrust] [ZERO TRUST] Operator voiceprint enrolled (5 dims).
[2026-09-01 14:39:01.167] [INFO   ] [jarvis.security.zerotrust] [ZERO TRUST] Voiceprint check: sim=0.9998 (th=0.88) -> PASS
[2026-09-01 14:39:01.167] [INFO   ] [jarvis.security.zerotrust] [ZERO TRUST] Voiceprint check: sim=-0.3877 (th=0.88) -> FAIL
[2026-09-01 14:39:01.170] [INFO   ] [jarvis.hardware.npu] [NPU ENGINE] NPU not directly mapped — operating on high-efficiency CPU/GPU pipeline.
[2026-09-01 14:39:01.171] [INFO   ] [jarvis.audio.persona] [PERSONA] Switched to F.R.I.D.A.Y. in 0.002ms
[2026-09-01 14:39:01.172] [INFO   ] [jarvis.audio.persona] [PERSONA] Switched to E.D.I.T.H. in 0.013ms
[2026-09-01 14:39:01.172] [INFO   ] [jarvis.audio.persona] [PERSONA] Switched to J.A.R.V.I.S. in 0.001ms
[2026-09-01 14:39:01.185] [INFO   ] [jarvis.audio.persona] [PERSONA] Switched to F.R.I.D.A.Y. in 0.002ms
[2026-09-01 14:39:44.609] [INFO   ] [jarvis] J.A.R.V.I.S. Structured Logging Subsystem initialized (Log File: E:\J.A.R.V.I.S - Upgraded\data\logs\jarvis.log)
[2026-09-01 14:39:44.897] [INFO   ] [jarvis.hardware.npu] [NPU ENGINE] NPU not directly mapped — operating on high-efficiency CPU/GPU pipeline.
[2026-09-01 14:39:44.943] [INFO   ] [jarvis.swarm.executor] [SWARM] Deploying House Party Protocol across 2 tasks on 4 workers...
[2026-09-01 14:39:44.965] [INFO   ] [jarvis.swarm.executor] [SWARM] House Party Protocol completed 2 tasks in 22.4ms
[2026-09-01 14:39:44.970] [INFO   ] [jarvis.swarm.dag] [SWARM DAG] Executing wave 1/2: ['task_a', 'task_b']
[2026-09-01 14:39:44.970] [INFO   ] [jarvis.swarm.executor] [SWARM] Deploying House Party Protocol across 2 tasks on 4 workers...
[2026-09-01 14:39:44.971] [INFO   ] [jarvis.swarm.executor] [SWARM] House Party Protocol completed 2 tasks in 1.2ms
[2026-09-01 14:39:44.972] [INFO   ] [jarvis.swarm.dag] [SWARM DAG] Executing wave 2/2: ['task_c']
[2026-09-01 14:39:44.973] [INFO   ] [jarvis.swarm.executor] [SWARM] Deploying House Party Protocol across 1 tasks on 4 workers...
[2026-09-01 14:39:44.973] [INFO   ] [jarvis.swarm.executor] [SWARM] House Party Protocol completed 1 tasks in 0.5ms
[2026-09-01 14:39:44.975] [INFO   ] [jarvis.audio.persona] [PERSONA] Switched to F.R.I.D.A.Y. in 0.002ms
[2026-09-01 14:39:44.975] [INFO   ] [jarvis.audio.persona] [PERSONA] Switched to E.D.I.T.H. in 0.013ms
[2026-09-01 14:39:45.060] [INFO   ] [jarvis.sync.satellite] [SATELLITE SYNC] Registered satellite device iphone_pro (mobile) at 192.168.1.55
[2026-09-01 14:39:49.948] [INFO   ] [jarvis.security.zerotrust] [ZERO TRUST] Operator voiceprint enrolled (5 dims).
[2026-09-01 14:39:49.949] [INFO   ] [jarvis.security.zerotrust] [ZERO TRUST] Voiceprint check: sim=0.9998 (th=0.88) -> PASS
[2026-09-01 14:39:49.949] [INFO   ] [jarvis.security.zerotrust] [ZERO TRUST] Voiceprint check: sim=-0.3877 (th=0.88) -> FAIL
[2026-09-01 14:39:49.951] [INFO   ] [jarvis.hardware.npu] [NPU ENGINE] NPU not directly mapped — operating on high-efficiency CPU/GPU pipeline.
[2026-09-01 14:39:49.952] [INFO   ] [jarvis.audio.persona] [PERSONA] Switched to F.R.I.D.A.Y. in 0.002ms
[2026-09-01 14:39:49.953] [INFO   ] [jarvis.audio.persona] [PERSONA] Switched to E.D.I.T.H. in 0.002ms
[2026-09-01 14:39:49.953] [INFO   ] [jarvis.audio.persona] [PERSONA] Switched to J.A.R.V.I.S. in 0.001ms
[2026-09-01 14:39:49.964] [INFO   ] [jarvis.audio.persona] [PERSONA] Switched to F.R.I.D.A.Y. in 0.003ms
[2026-09-01 14:40:00.892] [INFO   ] [jarvis] J.A.R.V.I.S. Structured Logging Subsystem initialized (Log File: E:\J.A.R.V.I.S - Upgraded\data\logs\jarvis.log)
[2026-09-01 14:40:01.793] [INFO   ] [jarvis.hardware.npu] [NPU ENGINE] NPU not directly mapped — operating on high-efficiency CPU/GPU pipeline.
[2026-09-01 14:40:02.140] [INFO   ] [jarvis.code_graph] AST Code Graph constructed: 101 nodes, 157 edges
[2026-09-01 14:40:02.441] [INFO   ] [jarvis.code_graph] AST Code Graph constructed: 101 nodes, 157 edges
[2026-09-01 14:40:20.927] [INFO   ] [jarvis.memory] SemanticMemoryVault cleared successfully.
[2026-09-01 14:40:21.640] [INFO   ] [jarvis.memory] ChromaDB vector vault loaded successfully at E:\J.A.R.V.I.S - Upgraded\data\vault\chroma
[2026-09-01 14:40:23.080] [INFO   ] [jarvis.memory] ChromaDB vector vault loaded successfully at E:\J.A.R.V.I.S - Upgraded\data\vault\chroma
[2026-09-01 14:40:39.555] [INFO   ] [jarvis.memory] ChromaDB vector vault loaded successfully at E:\J.A.R.V.I.S - Upgraded\data\vault\chroma
[2026-09-01 14:40:44.796] [INFO   ] [jarvis.memory] ChromaDB vector vault loaded successfully at E:\J.A.R.V.I.S - Upgraded\data\vault\chroma
[2026-09-01 14:40:49.142] [INFO   ] [jarvis.swarm.executor] [SWARM] Deploying House Party Protocol across 2 tasks on 4 workers...
[2026-09-01 14:40:49.165] [INFO   ] [jarvis.swarm.executor] [SWARM] House Party Protocol completed 2 tasks in 22.5ms
[2026-09-01 14:40:49.170] [INFO   ] [jarvis.swarm.dag] [SWARM DAG] Executing wave 1/2: ['task_a', 'task_b']
[2026-09-01 14:40:49.171] [INFO   ] [jarvis.swarm.executor] [SWARM] Deploying House Party Protocol across 2 tasks on 4 workers...
[2026-09-01 14:40:49.173] [INFO   ] [jarvis.swarm.executor] [SWARM] House Party Protocol completed 2 tasks in 1.8ms
[2026-09-01 14:40:49.173] [INFO   ] [jarvis.swarm.dag] [SWARM DAG] Executing wave 2/2: ['task_c']
[2026-09-01 14:40:49.173] [INFO   ] [jarvis.swarm.executor] [SWARM] Deploying House Party Protocol across 1 tasks on 4 workers...
[2026-09-01 14:40:49.174] [INFO   ] [jarvis.swarm.executor] [SWARM] House Party Protocol completed 1 tasks in 0.5ms
[2026-09-01 14:40:49.178] [INFO   ] [jarvis.audio.persona] [PERSONA] Switched to F.R.I.D.A.Y. in 0.002ms
[2026-09-01 14:40:49.178] [INFO   ] [jarvis.audio.persona] [PERSONA] Switched to E.D.I.T.H. in 0.002ms
[2026-09-01 14:40:49.299] [INFO   ] [jarvis.sync.satellite] [SATELLITE SYNC] Registered satellite device iphone_pro (mobile) at 192.168.1.55
[2026-09-01 14:40:56.644] [INFO   ] [jarvis.security.zerotrust] [ZERO TRUST] Operator voiceprint enrolled (5 dims).
[2026-09-01 14:40:56.645] [INFO   ] [jarvis.security.zerotrust] [ZERO TRUST] Voiceprint check: sim=0.9998 (th=0.88) -> PASS
[2026-09-01 14:40:56.645] [INFO   ] [jarvis.security.zerotrust] [ZERO TRUST] Voiceprint check: sim=-0.3877 (th=0.88) -> FAIL
[2026-09-01 14:40:56.649] [INFO   ] [jarvis.hardware.npu] [NPU ENGINE] NPU not directly mapped — operating on high-efficiency CPU/GPU pipeline.
[2026-09-01 14:40:56.651] [INFO   ] [jarvis.audio.persona] [PERSONA] Switched to F.R.I.D.A.Y. in 0.004ms
[2026-09-01 14:40:56.651] [INFO   ] [jarvis.audio.persona] [PERSONA] Switched to E.D.I.T.H. in 0.002ms
[2026-09-01 14:40:56.651] [INFO   ] [jarvis.audio.persona] [PERSONA] Switched to J.A.R.V.I.S. in 0.002ms
[2026-09-01 14:40:56.666] [INFO   ] [jarvis.audio.persona] [PERSONA] Switched to F.R.I.D.A.Y. in 0.003ms
[2026-09-01 14:41:35.735] [INFO   ] [jarvis] J.A.R.V.I.S. Structured Logging Subsystem initialized (Log File: E:\J.A.R.V.I.S - Upgraded\data\logs\jarvis.log)
[2026-09-01 14:41:36.810] [INFO   ] [jarvis.hardware.npu] [NPU ENGINE] NPU not directly mapped — operating on high-efficiency CPU/GPU pipeline.
[2026-09-01 14:41:37.092] [INFO   ] [jarvis.code_graph] AST Code Graph constructed: 101 nodes, 157 edges
[2026-09-01 14:41:37.359] [INFO   ] [jarvis.code_graph] AST Code Graph constructed: 101 nodes, 157 edges
[2026-09-01 14:41:47.232] [INFO   ] [jarvis.memory] SemanticMemoryVault cleared successfully.
[2026-09-01 14:41:47.797] [INFO   ] [jarvis.memory] ChromaDB vector vault loaded successfully at E:\J.A.R.V.I.S - Upgraded\data\vault\chroma
[2026-09-01 14:41:48.814] [INFO   ] [jarvis.memory] ChromaDB vector vault loaded successfully at E:\J.A.R.V.I.S - Upgraded\data\vault\chroma
[2026-09-01 14:44:04.871] [INFO   ] [jarvis] J.A.R.V.I.S. Structured Logging Subsystem initialized (Log File: E:\J.A.R.V.I.S - Upgraded\data\logs\jarvis.log)
[2026-09-01 14:44:05.613] [INFO   ] [jarvis.hardware.npu] [NPU ENGINE] NPU not directly mapped — operating on high-efficiency CPU/GPU pipeline.
[2026-09-01 14:44:05.892] [INFO   ] [jarvis.code_graph] AST Code Graph constructed: 101 nodes, 157 edges
[2026-09-01 14:44:06.161] [INFO   ] [jarvis.code_graph] AST Code Graph constructed: 101 nodes, 157 edges
[2026-09-01 14:44:15.645] [INFO   ] [jarvis.memory] SemanticMemoryVault cleared successfully.
[2026-09-01 14:44:16.013] [INFO   ] [jarvis.memory] ChromaDB vector vault loaded successfully at E:\J.A.R.V.I.S - Upgraded\data\vault\chroma
[2026-09-01 14:44:16.782] [INFO   ] [jarvis.memory] ChromaDB vector vault loaded successfully at E:\J.A.R.V.I.S - Upgraded\data\vault\chroma
[2026-09-01 14:44:34.239] [INFO   ] [jarvis.memory] ChromaDB vector vault loaded successfully at E:\J.A.R.V.I.S - Upgraded\data\vault\chroma
[2026-09-01 14:44:42.299] [INFO   ] [jarvis.memory] ChromaDB vector vault loaded successfully at E:\J.A.R.V.I.S - Upgraded\data\vault\chroma
[2026-09-01 14:44:48.598] [INFO   ] [jarvis.swarm.executor] [SWARM] Deploying House Party Protocol across 2 tasks on 4 workers...
[2026-09-01 14:44:48.621] [INFO   ] [jarvis.swarm.executor] [SWARM] House Party Protocol completed 2 tasks in 23.1ms
[2026-09-01 14:44:48.629] [INFO   ] [jarvis.swarm.dag] [SWARM DAG] Executing wave 1/2: ['task_a', 'task_b']
[2026-09-01 14:44:48.630] [INFO   ] [jarvis.swarm.executor] [SWARM] Deploying House Party Protocol across 2 tasks on 4 workers...
[2026-09-01 14:44:48.632] [INFO   ] [jarvis.swarm.executor] [SWARM] House Party Protocol completed 2 tasks in 1.9ms
[2026-09-01 14:44:48.632] [INFO   ] [jarvis.swarm.dag] [SWARM DAG] Executing wave 2/2: ['task_c']
[2026-09-01 14:44:48.633] [INFO   ] [jarvis.swarm.executor] [SWARM] Deploying House Party Protocol across 1 tasks on 4 workers...
[2026-09-01 14:44:48.634] [INFO   ] [jarvis.swarm.executor] [SWARM] House Party Protocol completed 1 tasks in 1.0ms
[2026-09-01 14:44:48.642] [INFO   ] [jarvis.audio.persona] [PERSONA] Switched to F.R.I.D.A.Y. in 0.004ms
[2026-09-01 14:44:48.642] [INFO   ] [jarvis.audio.persona] [PERSONA] Switched to E.D.I.T.H. in 0.003ms
[2026-09-01 14:44:48.814] [INFO   ] [jarvis.sync.satellite] [SATELLITE SYNC] Registered satellite device iphone_pro (mobile) at 192.168.1.55
[2026-09-01 14:44:57.872] [INFO   ] [jarvis.security.zerotrust] [ZERO TRUST] Operator voiceprint enrolled (5 dims).
[2026-09-01 14:44:57.873] [INFO   ] [jarvis.security.zerotrust] [ZERO TRUST] Voiceprint check: sim=0.9998 (th=0.88) -> PASS
[2026-09-01 14:44:57.874] [INFO   ] [jarvis.security.zerotrust] [ZERO TRUST] Voiceprint check: sim=-0.3877 (th=0.88) -> FAIL
[2026-09-01 14:44:57.880] [INFO   ] [jarvis.hardware.npu] [NPU ENGINE] NPU not directly mapped — operating on high-efficiency CPU/GPU pipeline.
[2026-09-01 14:44:57.884] [INFO   ] [jarvis.audio.persona] [PERSONA] Switched to F.R.I.D.A.Y. in 0.078ms
[2026-09-01 14:44:57.886] [INFO   ] [jarvis.audio.persona] [PERSONA] Switched to E.D.I.T.H. in 0.003ms
[2026-09-01 14:44:57.886] [INFO   ] [jarvis.audio.persona] [PERSONA] Switched to J.A.R.V.I.S. in 0.002ms
[2026-09-01 14:44:57.905] [INFO   ] [jarvis.audio.persona] [PERSONA] Switched to F.R.I.D.A.Y. in 0.004ms
[2026-09-01 14:47:34.746] [INFO   ] [jarvis] J.A.R.V.I.S. Structured Logging Subsystem initialized (Log File: E:\J.A.R.V.I.S - Upgraded\data\logs\jarvis.log)
[2026-09-01 14:47:35.775] [INFO   ] [jarvis.hardware.npu] [NPU ENGINE] NPU not directly mapped — operating on high-efficiency CPU/GPU pipeline.
[2026-09-01 14:47:36.055] [INFO   ] [jarvis.code_graph] AST Code Graph constructed: 101 nodes, 157 edges
[2026-09-01 14:47:36.316] [INFO   ] [jarvis.code_graph] AST Code Graph constructed: 101 nodes, 157 edges
[2026-09-01 14:47:47.025] [INFO   ] [jarvis.memory] SemanticMemoryVault cleared successfully.
[2026-09-01 14:47:47.584] [INFO   ] [jarvis.memory] ChromaDB vector vault loaded successfully at E:\J.A.R.V.I.S - Upgraded\data\vault\chroma
[2026-09-01 14:47:48.417] [INFO   ] [jarvis.memory] ChromaDB vector vault loaded successfully at E:\J.A.R.V.I.S - Upgraded\data\vault\chroma
[2026-09-01 14:48:02.493] [INFO   ] [jarvis.memory] ChromaDB vector vault loaded successfully at E:\J.A.R.V.I.S - Upgraded\data\vault\chroma
[2026-09-01 14:48:05.945] [INFO   ] [jarvis.memory] ChromaDB vector vault loaded successfully at E:\J.A.R.V.I.S - Upgraded\data\vault\chroma
[2026-09-01 14:48:09.388] [INFO   ] [jarvis.swarm.executor] [SWARM] Deploying House Party Protocol across 2 tasks on 4 workers...
[2026-09-01 14:48:09.409] [INFO   ] [jarvis.swarm.executor] [SWARM] House Party Protocol completed 2 tasks in 21.8ms
[2026-09-01 14:48:09.411] [INFO   ] [jarvis.swarm.dag] [SWARM DAG] Executing wave 1/2: ['task_a', 'task_b']
[2026-09-01 14:48:09.411] [INFO   ] [jarvis.swarm.executor] [SWARM] Deploying House Party Protocol across 2 tasks on 4 workers...
[2026-09-01 14:48:09.411] [INFO   ] [jarvis.swarm.executor] [SWARM] House Party Protocol completed 2 tasks in 1.1ms
[2026-09-01 14:48:09.411] [INFO   ] [jarvis.swarm.dag] [SWARM DAG] Executing wave 2/2: ['task_c']
[2026-09-01 14:48:09.411] [INFO   ] [jarvis.swarm.executor] [SWARM] Deploying House Party Protocol across 1 tasks on 4 workers...
[2026-09-01 14:48:09.411] [INFO   ] [jarvis.swarm.executor] [SWARM] House Party Protocol completed 1 tasks in 0.5ms
[2026-09-01 14:48:09.422] [INFO   ] [jarvis.audio.persona] [PERSONA] Switched to F.R.I.D.A.Y. in 0.002ms
[2026-09-01 14:48:09.422] [INFO   ] [jarvis.audio.persona] [PERSONA] Switched to E.D.I.T.H. in 0.002ms
[2026-09-01 14:48:09.486] [INFO   ] [jarvis.sync.satellite] [SATELLITE SYNC] Registered satellite device iphone_pro (mobile) at 192.168.1.55
[2026-09-01 14:48:14.048] [INFO   ] [jarvis.security.zerotrust] [ZERO TRUST] Operator voiceprint enrolled (5 dims).
[2026-09-01 14:48:14.048] [INFO   ] [jarvis.security.zerotrust] [ZERO TRUST] Voiceprint check: sim=0.9998 (th=0.88) -> PASS
[2026-09-01 14:48:14.048] [INFO   ] [jarvis.security.zerotrust] [ZERO TRUST] Voiceprint check: sim=-0.3877 (th=0.88) -> FAIL
[2026-09-01 14:48:14.048] [INFO   ] [jarvis.hardware.npu] [NPU ENGINE] NPU not directly mapped — operating on high-efficiency CPU/GPU pipeline.
[2026-09-01 14:48:14.054] [INFO   ] [jarvis.audio.persona] [PERSONA] Switched to F.R.I.D.A.Y. in 0.002ms
[2026-09-01 14:48:14.054] [INFO   ] [jarvis.audio.persona] [PERSONA] Switched to E.D.I.T.H. in 0.001ms
[2026-09-01 14:48:14.055] [INFO   ] [jarvis.audio.persona] [PERSONA] Switched to J.A.R.V.I.S. in 0.001ms
[2026-09-01 14:48:14.071] [INFO   ] [jarvis.audio.persona] [PERSONA] Switched to F.R.I.D.A.Y. in 0.003ms
[2026-09-01 14:49:12.416] [INFO   ] [jarvis] J.A.R.V.I.S. Structured Logging Subsystem initialized (Log File: E:\J.A.R.V.I.S - Upgraded\data\logs\jarvis.log)
[2026-09-01 14:49:13.141] [INFO   ] [jarvis.hardware.npu] [NPU ENGINE] NPU not directly mapped — operating on high-efficiency CPU/GPU pipeline.
[2026-09-01 14:49:13.425] [INFO   ] [jarvis.code_graph] AST Code Graph constructed: 101 nodes, 157 edges
[2026-09-01 14:49:13.698] [INFO   ] [jarvis.code_graph] AST Code Graph constructed: 101 nodes, 157 edges
[2026-09-01 14:49:19.514] [INFO   ] [jarvis] J.A.R.V.I.S. Structured Logging Subsystem initialized (Log File: E:\J.A.R.V.I.S - Upgraded\data\logs\jarvis.log)
[2026-09-01 14:49:20.256] [INFO   ] [jarvis.hardware.npu] [NPU ENGINE] NPU not directly mapped — operating on high-efficiency CPU/GPU pipeline.
[2026-09-01 14:49:20.548] [INFO   ] [jarvis.code_graph] AST Code Graph constructed: 101 nodes, 157 edges
[2026-09-01 14:49:20.847] [INFO   ] [jarvis.code_graph] AST Code Graph constructed: 101 nodes, 157 edges
[2026-09-01 14:49:22.680] [INFO   ] [jarvis.memory] SemanticMemoryVault cleared successfully.
[2026-09-01 14:49:23.122] [INFO   ] [jarvis.memory] ChromaDB vector vault loaded successfully at E:\J.A.R.V.I.S - Upgraded\data\vault\chroma
[2026-09-01 14:49:24.136] [INFO   ] [jarvis.memory] ChromaDB vector vault loaded successfully at E:\J.A.R.V.I.S - Upgraded\data\vault\chroma
[2026-09-01 14:49:38.840] [INFO   ] [jarvis.memory] SemanticMemoryVault cleared successfully.
[2026-09-01 14:49:39.533] [INFO   ] [jarvis.memory] ChromaDB vector vault loaded successfully at E:\J.A.R.V.I.S - Upgraded\data\vault\chroma
[2026-09-01 14:49:40.505] [INFO   ] [jarvis.memory] ChromaDB vector vault loaded successfully at E:\J.A.R.V.I.S - Upgraded\data\vault\chroma
[2026-09-01 14:49:40.973] [INFO   ] [jarvis.memory] ChromaDB vector vault loaded successfully at E:\J.A.R.V.I.S - Upgraded\data\vault\chroma
[2026-09-01 14:49:48.288] [INFO   ] [jarvis.memory] ChromaDB vector vault loaded successfully at E:\J.A.R.V.I.S - Upgraded\data\vault\chroma
[2026-09-01 14:49:54.904] [INFO   ] [jarvis.swarm.executor] [SWARM] Deploying House Party Protocol across 2 tasks on 4 workers...
[2026-09-01 14:49:54.927] [INFO   ] [jarvis.swarm.executor] [SWARM] House Party Protocol completed 2 tasks in 22.7ms
[2026-09-01 14:49:54.932] [INFO   ] [jarvis.swarm.dag] [SWARM DAG] Executing wave 1/2: ['task_a', 'task_b']
[2026-09-01 14:49:54.933] [INFO   ] [jarvis.swarm.executor] [SWARM] Deploying House Party Protocol across 2 tasks on 4 workers...
[2026-09-01 14:49:54.934] [INFO   ] [jarvis.swarm.executor] [SWARM] House Party Protocol completed 2 tasks in 1.4ms
[2026-09-01 14:49:54.934] [INFO   ] [jarvis.swarm.dag] [SWARM DAG] Executing wave 2/2: ['task_c']
[2026-09-01 14:49:54.935] [INFO   ] [jarvis.swarm.executor] [SWARM] Deploying House Party Protocol across 1 tasks on 4 workers...
[2026-09-01 14:49:54.935] [INFO   ] [jarvis.swarm.executor] [SWARM] House Party Protocol completed 1 tasks in 0.5ms
[2026-09-01 14:49:54.938] [INFO   ] [jarvis.audio.persona] [PERSONA] Switched to F.R.I.D.A.Y. in 0.002ms
[2026-09-01 14:49:54.939] [INFO   ] [jarvis.audio.persona] [PERSONA] Switched to E.D.I.T.H. in 0.002ms
[2026-09-01 14:49:55.047] [INFO   ] [jarvis.sync.satellite] [SATELLITE SYNC] Registered satellite device iphone_pro (mobile) at 192.168.1.55
[2026-09-01 14:50:00.536] [INFO   ] [jarvis.security.zerotrust] [ZERO TRUST] Operator voiceprint enrolled (5 dims).
[2026-09-01 14:50:00.537] [INFO   ] [jarvis.security.zerotrust] [ZERO TRUST] Voiceprint check: sim=0.9998 (th=0.88) -> PASS
[2026-09-01 14:50:00.537] [INFO   ] [jarvis.security.zerotrust] [ZERO TRUST] Voiceprint check: sim=-0.3877 (th=0.88) -> FAIL
[2026-09-01 14:50:00.540] [INFO   ] [jarvis.hardware.npu] [NPU ENGINE] NPU not directly mapped — operating on high-efficiency CPU/GPU pipeline.
[2026-09-01 14:50:00.543] [INFO   ] [jarvis.audio.persona] [PERSONA] Switched to F.R.I.D.A.Y. in 0.003ms
[2026-09-01 14:50:00.543] [INFO   ] [jarvis.audio.persona] [PERSONA] Switched to E.D.I.T.H. in 0.002ms
[2026-09-01 14:50:00.543] [INFO   ] [jarvis.audio.persona] [PERSONA] Switched to J.A.R.V.I.S. in 0.001ms
[2026-09-01 14:50:00.555] [INFO   ] [jarvis.audio.persona] [PERSONA] Switched to F.R.I.D.A.Y. in 0.003ms
[2026-09-01 14:50:00.696] [INFO   ] [jarvis.memory] ChromaDB vector vault loaded successfully at E:\J.A.R.V.I.S - Upgraded\data\vault\chroma
[2026-09-01 14:50:07.871] [INFO   ] [jarvis.memory] ChromaDB vector vault loaded successfully at E:\J.A.R.V.I.S - Upgraded\data\vault\chroma
[2026-09-01 14:50:12.928] [INFO   ] [jarvis.swarm.executor] [SWARM] Deploying House Party Protocol across 2 tasks on 4 workers...
[2026-09-01 14:50:12.951] [INFO   ] [jarvis.swarm.executor] [SWARM] House Party Protocol completed 2 tasks in 22.6ms
[2026-09-01 14:50:12.958] [INFO   ] [jarvis.swarm.dag] [SWARM DAG] Executing wave 1/2: ['task_a', 'task_b']
[2026-09-01 14:50:12.958] [INFO   ] [jarvis.swarm.executor] [SWARM] Deploying House Party Protocol across 2 tasks on 4 workers...
[2026-09-01 14:50:12.960] [INFO   ] [jarvis.swarm.executor] [SWARM] House Party Protocol completed 2 tasks in 1.5ms
[2026-09-01 14:50:12.960] [INFO   ] [jarvis.swarm.dag] [SWARM DAG] Executing wave 2/2: ['task_c']
[2026-09-01 14:50:12.962] [INFO   ] [jarvis.swarm.executor] [SWARM] Deploying House Party Protocol across 1 tasks on 4 workers...
[2026-09-01 14:50:12.962] [INFO   ] [jarvis.swarm.executor] [SWARM] House Party Protocol completed 1 tasks in 0.5ms
[2026-09-01 14:50:12.966] [INFO   ] [jarvis.audio.persona] [PERSONA] Switched to F.R.I.D.A.Y. in 0.002ms
[2026-09-01 14:50:12.966] [INFO   ] [jarvis.audio.persona] [PERSONA] Switched to E.D.I.T.H. in 0.003ms
[2026-09-01 14:50:13.069] [INFO   ] [jarvis.sync.satellite] [SATELLITE SYNC] Registered satellite device iphone_pro (mobile) at 192.168.1.55
[2026-09-01 14:50:18.025] [INFO   ] [jarvis.security.zerotrust] [ZERO TRUST] Operator voiceprint enrolled (5 dims).
[2026-09-01 14:50:18.041] [INFO   ] [jarvis.security.zerotrust] [ZERO TRUST] Voiceprint check: sim=0.9998 (th=0.88) -> PASS
[2026-09-01 14:50:18.041] [INFO   ] [jarvis.security.zerotrust] [ZERO TRUST] Voiceprint check: sim=-0.3877 (th=0.88) -> FAIL
[2026-09-01 14:50:18.041] [INFO   ] [jarvis.hardware.npu] [NPU ENGINE] NPU not directly mapped — operating on high-efficiency CPU/GPU pipeline.
[2026-09-01 14:50:18.047] [INFO   ] [jarvis.audio.persona] [PERSONA] Switched to F.R.I.D.A.Y. in 0.004ms
[2026-09-01 14:50:18.047] [INFO   ] [jarvis.audio.persona] [PERSONA] Switched to E.D.I.T.H. in 0.002ms
[2026-09-01 14:50:18.048] [INFO   ] [jarvis.audio.persona] [PERSONA] Switched to J.A.R.V.I.S. in 0.002ms
[2026-09-01 14:50:18.051] [INFO   ] [jarvis.audio.persona] [PERSONA] Switched to F.R.I.D.A.Y. in 0.003ms
[2026-09-01 14:50:28.085] [INFO   ] [jarvis] J.A.R.V.I.S. Structured Logging Subsystem initialized (Log File: E:\J.A.R.V.I.S - Upgraded\data\logs\jarvis.log)
[2026-09-01 14:50:28.329] [INFO   ] [jarvis.hardware.npu] [NPU ENGINE] NPU not directly mapped — operating on high-efficiency CPU/GPU pipeline.
[2026-09-01 14:50:28.358] [INFO   ] [jarvis.swarm.executor] [SWARM] Deploying House Party Protocol across 2 tasks on 4 workers...
[2026-09-01 14:50:28.380] [INFO   ] [jarvis.swarm.executor] [SWARM] House Party Protocol completed 2 tasks in 21.9ms
[2026-09-01 14:50:28.403] [INFO   ] [jarvis.swarm.dag] [SWARM DAG] Executing wave 1/2: ['task_a', 'task_b']
[2026-09-01 14:50:28.403] [INFO   ] [jarvis.swarm.executor] [SWARM] Deploying House Party Protocol across 2 tasks on 4 workers...
[2026-09-01 14:50:28.404] [INFO   ] [jarvis.swarm.executor] [SWARM] House Party Protocol completed 2 tasks in 0.8ms
[2026-09-01 14:50:28.404] [INFO   ] [jarvis.swarm.dag] [SWARM DAG] Executing wave 2/2: ['task_c']
[2026-09-01 14:50:28.405] [INFO   ] [jarvis.swarm.executor] [SWARM] Deploying House Party Protocol across 1 tasks on 4 workers...
[2026-09-01 14:50:28.405] [INFO   ] [jarvis.swarm.executor] [SWARM] House Party Protocol completed 1 tasks in 0.4ms
[2026-09-01 14:50:28.407] [INFO   ] [jarvis.audio.persona] [PERSONA] Switched to F.R.I.D.A.Y. in 0.001ms
[2026-09-01 14:50:28.407] [INFO   ] [jarvis.audio.persona] [PERSONA] Switched to E.D.I.T.H. in 0.002ms
[2026-09-01 14:50:28.475] [INFO   ] [jarvis.sync.satellite] [SATELLITE SYNC] Registered satellite device iphone_pro (mobile) at 192.168.1.55
[2026-09-01 14:50:33.511] [INFO   ] [jarvis.security.zerotrust] [ZERO TRUST] Operator voiceprint enrolled (5 dims).
[2026-09-01 14:50:33.512] [INFO   ] [jarvis.security.zerotrust] [ZERO TRUST] Voiceprint check: sim=0.9998 (th=0.88) -> PASS
[2026-09-01 14:50:33.513] [INFO   ] [jarvis.security.zerotrust] [ZERO TRUST] Voiceprint check: sim=-0.3877 (th=0.88) -> FAIL
[2026-09-01 14:50:33.515] [INFO   ] [jarvis.hardware.npu] [NPU ENGINE] NPU not directly mapped — operating on high-efficiency CPU/GPU pipeline.
[2026-09-01 14:50:33.516] [INFO   ] [jarvis.audio.persona] [PERSONA] Switched to F.R.I.D.A.Y. in 0.002ms
[2026-09-01 14:50:33.516] [INFO   ] [jarvis.audio.persona] [PERSONA] Switched to E.D.I.T.H. in 0.002ms
[2026-09-01 14:50:33.517] [INFO   ] [jarvis.audio.persona] [PERSONA] Switched to J.A.R.V.I.S. in 0.002ms
[2026-09-01 14:50:33.527] [INFO   ] [jarvis.audio.persona] [PERSONA] Switched to F.R.I.D.A.Y. in 0.002ms
[2026-09-01 14:50:37.697] [INFO   ] [jarvis] J.A.R.V.I.S. Structured Logging Subsystem initialized (Log File: E:\J.A.R.V.I.S - Upgraded\data\logs\jarvis.log)
[2026-09-01 14:50:38.819] [INFO   ] [jarvis.hardware.npu] [NPU ENGINE] NPU not directly mapped — operating on high-efficiency CPU/GPU pipeline.
[2026-09-01 14:50:39.242] [INFO   ] [jarvis.code_graph] AST Code Graph constructed: 101 nodes, 157 edges
[2026-09-01 14:50:39.714] [INFO   ] [jarvis.code_graph] AST Code Graph constructed: 101 nodes, 157 edges
[2026-09-01 14:50:50.856] [INFO   ] [jarvis.memory] SemanticMemoryVault cleared successfully.
[2026-09-01 14:50:51.582] [INFO   ] [jarvis.memory] ChromaDB vector vault loaded successfully at E:\J.A.R.V.I.S - Upgraded\data\vault\chroma
[2026-09-01 14:50:52.739] [INFO   ] [jarvis.memory] ChromaDB vector vault loaded successfully at E:\J.A.R.V.I.S - Upgraded\data\vault\chroma
[2026-09-01 14:51:08.824] [INFO   ] [jarvis.memory] ChromaDB vector vault loaded successfully at E:\J.A.R.V.I.S - Upgraded\data\vault\chroma
[2026-09-01 14:51:14.486] [INFO   ] [jarvis.memory] ChromaDB vector vault loaded successfully at E:\J.A.R.V.I.S - Upgraded\data\vault\chroma
[2026-09-01 14:51:18.386] [INFO   ] [jarvis.swarm.executor] [SWARM] Deploying House Party Protocol across 2 tasks on 4 workers...
[2026-09-01 14:51:18.409] [INFO   ] [jarvis.swarm.executor] [SWARM] House Party Protocol completed 2 tasks in 22.2ms
[2026-09-01 14:51:18.414] [INFO   ] [jarvis.swarm.dag] [SWARM DAG] Executing wave 1/2: ['task_a', 'task_b']
[2026-09-01 14:51:18.414] [INFO   ] [jarvis.swarm.executor] [SWARM] Deploying House Party Protocol across 2 tasks on 4 workers...
[2026-09-01 14:51:18.416] [INFO   ] [jarvis.swarm.executor] [SWARM] House Party Protocol completed 2 tasks in 1.5ms
[2026-09-01 14:51:18.416] [INFO   ] [jarvis.swarm.dag] [SWARM DAG] Executing wave 2/2: ['task_c']
[2026-09-01 14:51:18.416] [INFO   ] [jarvis.swarm.executor] [SWARM] Deploying House Party Protocol across 1 tasks on 4 workers...
[2026-09-01 14:51:18.417] [INFO   ] [jarvis.swarm.executor] [SWARM] House Party Protocol completed 1 tasks in 0.5ms
[2026-09-01 14:51:18.421] [INFO   ] [jarvis.audio.persona] [PERSONA] Switched to F.R.I.D.A.Y. in 0.002ms
[2026-09-01 14:51:18.421] [INFO   ] [jarvis.audio.persona] [PERSONA] Switched to E.D.I.T.H. in 0.002ms
[2026-09-01 14:51:18.514] [INFO   ] [jarvis.sync.satellite] [SATELLITE SYNC] Registered satellite device iphone_pro (mobile) at 192.168.1.55
[2026-09-01 14:51:23.317] [INFO   ] [jarvis.security.zerotrust] [ZERO TRUST] Operator voiceprint enrolled (5 dims).
[2026-09-01 14:51:23.317] [INFO   ] [jarvis.security.zerotrust] [ZERO TRUST] Voiceprint check: sim=0.9998 (th=0.88) -> PASS
[2026-09-01 14:51:23.317] [INFO   ] [jarvis.security.zerotrust] [ZERO TRUST] Voiceprint check: sim=-0.3877 (th=0.88) -> FAIL
[2026-09-01 14:51:23.330] [INFO   ] [jarvis.hardware.npu] [NPU ENGINE] NPU not directly mapped — operating on high-efficiency CPU/GPU pipeline.
[2026-09-01 14:51:23.332] [INFO   ] [jarvis.audio.persona] [PERSONA] Switched to F.R.I.D.A.Y. in 0.003ms
[2026-09-01 14:51:23.333] [INFO   ] [jarvis.audio.persona] [PERSONA] Switched to E.D.I.T.H. in 0.004ms
[2026-09-01 14:51:23.334] [INFO   ] [jarvis.audio.persona] [PERSONA] Switched to J.A.R.V.I.S. in 0.002ms
[2026-09-01 14:51:23.346] [INFO   ] [jarvis.audio.persona] [PERSONA] Switched to F.R.I.D.A.Y. in 0.003ms
[2026-09-01 14:51:33.664] [INFO   ] [jarvis] J.A.R.V.I.S. Structured Logging Subsystem initialized (Log File: E:\J.A.R.V.I.S - Upgraded\data\logs\jarvis.log)
[2026-09-01 14:51:34.339] [INFO   ] [jarvis.hardware.npu] [NPU ENGINE] NPU not directly mapped — operating on high-efficiency CPU/GPU pipeline.
[2026-09-01 14:51:34.606] [INFO   ] [jarvis.code_graph] AST Code Graph constructed: 101 nodes, 157 edges
[2026-09-01 14:51:34.878] [INFO   ] [jarvis.code_graph] AST Code Graph constructed: 101 nodes, 157 edges
[2026-09-01 14:51:44.820] [INFO   ] [jarvis.memory] SemanticMemoryVault cleared successfully.
[2026-09-01 14:51:45.355] [INFO   ] [jarvis.memory] ChromaDB vector vault loaded successfully at E:\J.A.R.V.I.S - Upgraded\data\vault\chroma
[2026-09-01 14:51:46.172] [INFO   ] [jarvis.memory] ChromaDB vector vault loaded successfully at E:\J.A.R.V.I.S - Upgraded\data\vault\chroma
[2026-09-01 14:52:01.034] [INFO   ] [jarvis.memory] ChromaDB vector vault loaded successfully at E:\J.A.R.V.I.S - Upgraded\data\vault\chroma
[2026-09-01 14:52:06.601] [INFO   ] [jarvis.memory] ChromaDB vector vault loaded successfully at E:\J.A.R.V.I.S - Upgraded\data\vault\chroma
[2026-09-01 14:52:12.274] [INFO   ] [jarvis.swarm.executor] [SWARM] Deploying House Party Protocol across 2 tasks on 4 workers...
[2026-09-01 14:52:12.296] [INFO   ] [jarvis.swarm.executor] [SWARM] House Party Protocol completed 2 tasks in 22.1ms
[2026-09-01 14:52:12.303] [INFO   ] [jarvis.swarm.dag] [SWARM DAG] Executing wave 1/2: ['task_a', 'task_b']
[2026-09-01 14:52:12.303] [INFO   ] [jarvis.swarm.executor] [SWARM] Deploying House Party Protocol across 2 tasks on 4 workers...
[2026-09-01 14:52:12.303] [INFO   ] [jarvis.swarm.executor] [SWARM] House Party Protocol completed 2 tasks in 2.2ms
[2026-09-01 14:52:12.303] [INFO   ] [jarvis.swarm.dag] [SWARM DAG] Executing wave 2/2: ['task_c']
[2026-09-01 14:52:12.303] [INFO   ] [jarvis.swarm.executor] [SWARM] Deploying House Party Protocol across 1 tasks on 4 workers...
[2026-09-01 14:52:12.303] [INFO   ] [jarvis.swarm.executor] [SWARM] House Party Protocol completed 1 tasks in 0.6ms
[2026-09-01 14:52:12.311] [INFO   ] [jarvis.audio.persona] [PERSONA] Switched to F.R.I.D.A.Y. in 0.002ms
[2026-09-01 14:52:12.312] [INFO   ] [jarvis.audio.persona] [PERSONA] Switched to E.D.I.T.H. in 0.004ms
[2026-09-01 14:52:12.423] [INFO   ] [jarvis.sync.satellite] [SATELLITE SYNC] Registered satellite device iphone_pro (mobile) at 192.168.1.55
[2026-09-01 14:52:17.276] [INFO   ] [jarvis.security.zerotrust] [ZERO TRUST] Operator voiceprint enrolled (5 dims).
[2026-09-01 14:52:17.276] [INFO   ] [jarvis.security.zerotrust] [ZERO TRUST] Voiceprint check: sim=0.9998 (th=0.88) -> PASS
[2026-09-01 14:52:17.276] [INFO   ] [jarvis.security.zerotrust] [ZERO TRUST] Voiceprint check: sim=-0.3877 (th=0.88) -> FAIL
[2026-09-01 14:52:17.283] [INFO   ] [jarvis.hardware.npu] [NPU ENGINE] NPU not directly mapped — operating on high-efficiency CPU/GPU pipeline.
[2026-09-01 14:52:17.287] [INFO   ] [jarvis.audio.persona] [PERSONA] Switched to F.R.I.D.A.Y. in 0.002ms
[2026-09-01 14:52:17.288] [INFO   ] [jarvis.audio.persona] [PERSONA] Switched to E.D.I.T.H. in 0.002ms
[2026-09-01 14:52:17.288] [INFO   ] [jarvis.audio.persona] [PERSONA] Switched to J.A.R.V.I.S. in 0.001ms
[2026-09-01 14:52:17.303] [INFO   ] [jarvis.audio.persona] [PERSONA] Switched to F.R.I.D.A.Y. in 0.003ms
[2026-09-01 14:54:24.084] [INFO   ] [jarvis] J.A.R.V.I.S. Structured Logging Subsystem initialized (Log File: E:\J.A.R.V.I.S - Upgraded\data\logs\jarvis.log)
[2026-09-01 14:54:24.451] [INFO   ] [jarvis.hardware.npu] [NPU ENGINE] 12th Gen Intel Core i7-1255U Detected — P-Core Pinned AVX2/VNNI DL Boost pipeline active.
[2026-09-01 14:54:24.482] [INFO   ] [jarvis.swarm.executor] [SWARM] Deploying House Party Protocol across 2 tasks on 4 workers...
[2026-09-01 14:54:24.503] [INFO   ] [jarvis.swarm.executor] [SWARM] House Party Protocol completed 2 tasks in 21.5ms
[2026-09-01 14:54:24.506] [INFO   ] [jarvis.swarm.dag] [SWARM DAG] Executing wave 1/2: ['task_a', 'task_b']
[2026-09-01 14:54:24.507] [INFO   ] [jarvis.swarm.executor] [SWARM] Deploying House Party Protocol across 2 tasks on 4 workers...
[2026-09-01 14:54:24.508] [INFO   ] [jarvis.swarm.executor] [SWARM] House Party Protocol completed 2 tasks in 0.8ms
[2026-09-01 14:54:24.508] [INFO   ] [jarvis.swarm.dag] [SWARM DAG] Executing wave 2/2: ['task_c']
[2026-09-01 14:54:24.508] [INFO   ] [jarvis.swarm.executor] [SWARM] Deploying House Party Protocol across 1 tasks on 4 workers...
[2026-09-01 14:54:24.509] [INFO   ] [jarvis.swarm.executor] [SWARM] House Party Protocol completed 1 tasks in 0.3ms
[2026-09-01 14:54:24.511] [INFO   ] [jarvis.audio.persona] [PERSONA] Switched to F.R.I.D.A.Y. in 0.002ms
[2026-09-01 14:54:24.511] [INFO   ] [jarvis.audio.persona] [PERSONA] Switched to E.D.I.T.H. in 0.001ms
[2026-09-01 14:54:24.575] [INFO   ] [jarvis.sync.satellite] [SATELLITE SYNC] Registered satellite device iphone_pro (mobile) at 192.168.1.55
[2026-09-01 14:54:29.009] [INFO   ] [jarvis.security.zerotrust] [ZERO TRUST] Operator voiceprint enrolled (5 dims).
[2026-09-01 14:54:29.009] [INFO   ] [jarvis.security.zerotrust] [ZERO TRUST] Voiceprint check: sim=0.9998 (th=0.88) -> PASS
[2026-09-01 14:54:29.009] [INFO   ] [jarvis.security.zerotrust] [ZERO TRUST] Voiceprint check: sim=-0.3877 (th=0.88) -> FAIL
[2026-09-01 14:54:29.012] [INFO   ] [jarvis.hardware.npu] [NPU ENGINE] 12th Gen Intel Core i7-1255U Detected — P-Core Pinned AVX2/VNNI DL Boost pipeline active.
[2026-09-01 14:54:29.013] [INFO   ] [jarvis.audio.persona] [PERSONA] Switched to F.R.I.D.A.Y. in 0.002ms
[2026-09-01 14:54:29.014] [INFO   ] [jarvis.audio.persona] [PERSONA] Switched to E.D.I.T.H. in 0.001ms
[2026-09-01 14:54:29.014] [INFO   ] [jarvis.audio.persona] [PERSONA] Switched to J.A.R.V.I.S. in 0.001ms
[2026-09-01 14:54:29.024] [INFO   ] [jarvis.audio.persona] [PERSONA] Switched to F.R.I.D.A.Y. in 0.002ms
[2026-09-01 14:56:27.632] [INFO   ] [jarvis] J.A.R.V.I.S. Structured Logging Subsystem initialized (Log File: E:\J.A.R.V.I.S - Upgraded\data\logs\jarvis.log)
[2026-09-01 14:56:28.009] [INFO   ] [jarvis.hardware.npu] [NPU ENGINE] 12th Gen Intel Core i7-1255U Detected — P-Core Pinned AVX2/VNNI DL Boost pipeline active.
[2026-09-01 14:56:28.046] [INFO   ] [jarvis.swarm.executor] [SWARM] Deploying House Party Protocol across 2 tasks on 4 workers...
[2026-09-01 14:56:28.068] [INFO   ] [jarvis.swarm.executor] [SWARM] House Party Protocol completed 2 tasks in 22.1ms
[2026-09-01 14:56:28.071] [INFO   ] [jarvis.swarm.dag] [SWARM DAG] Executing wave 1/2: ['task_a', 'task_b']
[2026-09-01 14:56:28.071] [INFO   ] [jarvis.swarm.executor] [SWARM] Deploying House Party Protocol across 2 tasks on 4 workers...
[2026-09-01 14:56:28.072] [INFO   ] [jarvis.swarm.executor] [SWARM] House Party Protocol completed 2 tasks in 0.8ms
[2026-09-01 14:56:28.072] [INFO   ] [jarvis.swarm.dag] [SWARM DAG] Executing wave 2/2: ['task_c']
[2026-09-01 14:56:28.072] [INFO   ] [jarvis.swarm.executor] [SWARM] Deploying House Party Protocol across 1 tasks on 4 workers...
[2026-09-01 14:56:28.073] [INFO   ] [jarvis.swarm.executor] [SWARM] House Party Protocol completed 1 tasks in 0.4ms
[2026-09-01 14:56:28.075] [INFO   ] [jarvis.audio.persona] [PERSONA] Switched to F.R.I.D.A.Y. in 0.002ms
[2026-09-01 14:56:28.075] [INFO   ] [jarvis.audio.persona] [PERSONA] Switched to E.D.I.T.H. in 0.002ms
[2026-09-01 14:56:28.143] [INFO   ] [jarvis.sync.satellite] [SATELLITE SYNC] Registered satellite device iphone_pro (mobile) at 192.168.1.55
[2026-09-01 14:56:32.505] [INFO   ] [jarvis.security.zerotrust] [ZERO TRUST] Operator voiceprint enrolled (5 dims).
[2026-09-01 14:56:32.506] [INFO   ] [jarvis.security.zerotrust] [ZERO TRUST] Voiceprint check: sim=0.9998 (th=0.88) -> PASS
[2026-09-01 14:56:32.506] [INFO   ] [jarvis.security.zerotrust] [ZERO TRUST] Voiceprint check: sim=-0.3877 (th=0.88) -> FAIL
[2026-09-01 14:56:32.509] [INFO   ] [jarvis.hardware.npu] [NPU ENGINE] 12th Gen Intel Core i7-1255U Detected — P-Core Pinned AVX2/VNNI DL Boost pipeline active.
[2026-09-01 14:56:32.509] [INFO   ] [jarvis.hardware.npu] [NPU ENGINE] P-Core Affinity Set: Cores [0, 1, 2, 3] (0x00F)
[2026-09-01 14:56:32.511] [INFO   ] [jarvis.audio.persona] [PERSONA] Switched to F.R.I.D.A.Y. in 0.002ms
[2026-09-01 14:56:32.511] [INFO   ] [jarvis.audio.persona] [PERSONA] Switched to E.D.I.T.H. in 0.001ms
[2026-09-01 14:56:32.511] [INFO   ] [jarvis.audio.persona] [PERSONA] Switched to J.A.R.V.I.S. in 0.001ms
[2026-09-01 14:56:32.522] [INFO   ] [jarvis.audio.persona] [PERSONA] Switched to F.R.I.D.A.Y. in 0.002ms
[2026-09-01 14:59:58.645] [INFO   ] [jarvis] J.A.R.V.I.S. Structured Logging Subsystem initialized (Log File: E:\J.A.R.V.I.S - Upgraded\data\logs\jarvis.log)
[2026-09-01 14:59:59.465] [INFO   ] [jarvis.hardware.npu] [NPU ENGINE] 12th Gen Intel Core i7-1255U Detected — P-Core Pinned AVX2/VNNI DL Boost pipeline active.
[2026-09-01 14:59:59.737] [INFO   ] [jarvis.code_graph] AST Code Graph constructed: 101 nodes, 157 edges
[2026-09-01 15:00:00.015] [INFO   ] [jarvis.code_graph] AST Code Graph constructed: 101 nodes, 157 edges
[2026-09-01 15:00:03.062] [INFO   ] [jarvis] J.A.R.V.I.S. Structured Logging Subsystem initialized (Log File: E:\J.A.R.V.I.S - Upgraded\data\logs\jarvis.log)
[2026-09-01 15:00:03.573] [INFO   ] [jarvis.hardware.npu] [NPU ENGINE] 12th Gen Intel Core i7-1255U Detected — P-Core Pinned AVX2/VNNI DL Boost pipeline active.
[2026-09-01 15:00:03.622] [INFO   ] [jarvis] J.A.R.V.I.S. Structured Logging Subsystem initialized (Log File: E:\J.A.R.V.I.S - Upgraded\data\logs\jarvis.log)
[2026-09-01 15:00:03.671] [INFO   ] [jarvis] ============================================================
[2026-09-01 15:00:03.671] [INFO   ] [jarvis]    J.A.R.V.I.S. v3.0 STARK HORIZON CORE SPINE INITIALIZING  
[2026-09-01 15:00:03.671] [INFO   ] [jarvis] ============================================================
[2026-09-01 15:00:03.671] [INFO   ] [jarvis] Endpoint: http://127.0.0.1:8765
[2026-09-01 15:00:03.671] [INFO   ] [jarvis] Root Directory: E:\J.A.R.V.I.S - Upgraded
[2026-09-01 15:00:03.671] [INFO   ] [jarvis] Data Directory: E:\J.A.R.V.I.S - Upgraded\data
[2026-09-01 15:00:03.671] [INFO   ] [jarvis] Process PID 7712 pinned to P-Core threads: [0, 1, 2, 3]
[2026-09-01 15:00:03.683] [INFO   ] [jarvis] Perception Audio Pipeline & Laptop Microphone intake initialized.
[2026-09-01 15:00:04.804] [INFO   ] [jarvis.code_graph] AST Code Graph constructed: 101 nodes, 157 edges
[2026-09-01 15:00:17.781] [INFO   ] [jarvis.memory] SemanticMemoryVault cleared successfully.
[2026-09-01 15:00:19.033] [INFO   ] [jarvis.memory] ChromaDB vector vault loaded successfully at E:\J.A.R.V.I.S - Upgraded\data\vault\chroma
[2026-09-01 15:00:21.161] [INFO   ] [jarvis.memory] ChromaDB vector vault loaded successfully at E:\J.A.R.V.I.S - Upgraded\data\vault\chroma
[2026-09-01 15:00:35.620] [INFO   ] [jarvis.memory] ChromaDB vector vault loaded successfully at E:\J.A.R.V.I.S - Upgraded\data\vault\chroma
[2026-09-01 15:00:42.143] [INFO   ] [jarvis.memory] ChromaDB vector vault loaded successfully at E:\J.A.R.V.I.S - Upgraded\data\vault\chroma
[2026-09-01 15:00:46.940] [INFO   ] [jarvis.swarm.executor] [SWARM] Deploying House Party Protocol across 2 tasks on 4 workers...
[2026-09-01 15:00:46.966] [INFO   ] [jarvis.swarm.executor] [SWARM] House Party Protocol completed 2 tasks in 23.9ms
[2026-09-01 15:00:46.973] [INFO   ] [jarvis.swarm.dag] [SWARM DAG] Executing wave 1/2: ['task_a', 'task_b']
[2026-09-01 15:00:46.973] [INFO   ] [jarvis.swarm.executor] [SWARM] Deploying House Party Protocol across 2 tasks on 4 workers...
[2026-09-01 15:00:46.973] [INFO   ] [jarvis.swarm.executor] [SWARM] House Party Protocol completed 2 tasks in 2.1ms
[2026-09-01 15:00:46.973] [INFO   ] [jarvis.swarm.dag] [SWARM DAG] Executing wave 2/2: ['task_c']
[2026-09-01 15:00:46.981] [INFO   ] [jarvis.swarm.executor] [SWARM] Deploying House Party Protocol across 1 tasks on 4 workers...
[2026-09-01 15:00:46.981] [INFO   ] [jarvis.swarm.executor] [SWARM] House Party Protocol completed 1 tasks in 1.2ms
[2026-09-01 15:00:46.989] [INFO   ] [jarvis.audio.persona] [PERSONA] Switched to F.R.I.D.A.Y. in 0.005ms
[2026-09-01 15:00:46.989] [INFO   ] [jarvis.audio.persona] [PERSONA] Switched to E.D.I.T.H. in 0.003ms
[2026-09-01 15:00:47.154] [INFO   ] [jarvis.sync.satellite] [SATELLITE SYNC] Registered satellite device iphone_pro (mobile) at 192.168.1.55
[2026-09-01 15:00:58.076] [INFO   ] [jarvis.security.zerotrust] [ZERO TRUST] Operator voiceprint enrolled (5 dims).
[2026-09-01 15:00:58.077] [INFO   ] [jarvis.security.zerotrust] [ZERO TRUST] Voiceprint check: sim=0.9998 (th=0.88) -> PASS
[2026-09-01 15:00:58.077] [INFO   ] [jarvis.security.zerotrust] [ZERO TRUST] Voiceprint check: sim=-0.3877 (th=0.88) -> FAIL
[2026-09-01 15:00:58.082] [INFO   ] [jarvis.hardware.npu] [NPU ENGINE] 12th Gen Intel Core i7-1255U Detected — P-Core Pinned AVX2/VNNI DL Boost pipeline active.
[2026-09-01 15:00:58.083] [INFO   ] [jarvis.hardware.npu] [NPU ENGINE] P-Core Affinity Set: Cores [0, 1, 2, 3] (0x00F)
[2026-09-01 15:00:58.089] [INFO   ] [jarvis.audio.persona] [PERSONA] Switched to F.R.I.D.A.Y. in 0.003ms
[2026-09-01 15:00:58.090] [INFO   ] [jarvis.audio.persona] [PERSONA] Switched to E.D.I.T.H. in 0.003ms
[2026-09-01 15:00:58.090] [INFO   ] [jarvis.audio.persona] [PERSONA] Switched to J.A.R.V.I.S. in 0.002ms
[2026-09-01 15:00:58.108] [INFO   ] [jarvis.audio.persona] [PERSONA] Switched to F.R.I.D.A.Y. in 0.005ms
[2026-09-01 15:13:58.342] [INFO   ] [jarvis] [LAPTOP VOICE INTAKE] Transcribed: '[Audio Utterance 4.72s | RMS 0.0087]'
[2026-09-01 15:13:58.713] [INFO   ] [jarvis.memory] ChromaDB vector vault loaded successfully at E:\J.A.R.V.I.S - Upgraded\data\vault\chroma
[2026-09-01 15:14:14.868] [INFO   ] [jarvis] [LAPTOP VOICE INTAKE] Transcribed: '[Audio Utterance 12.8s | RMS 0.0077]'
[2026-09-01 15:49:48.196] [INFO   ] [jarvis] J.A.R.V.I.S. Structured Logging Subsystem initialized (Log File: E:\J.A.R.V.I.S - Upgraded\data\logs\jarvis.log)
[2026-09-01 15:49:48.646] [INFO   ] [jarvis.hardware.npu] [NPU ENGINE] 12th Gen Intel Core i7-1255U Detected — P-Core Pinned AVX2/VNNI DL Boost pipeline active.
[2026-09-01 15:50:00.650] [INFO   ] [jarvis] J.A.R.V.I.S. Structured Logging Subsystem initialized (Log File: E:\J.A.R.V.I.S - Upgraded\data\logs\jarvis.log)
[2026-09-01 15:50:00.951] [INFO   ] [jarvis.hardware.npu] [NPU ENGINE] 12th Gen Intel Core i7-1255U Detected — P-Core Pinned AVX2/VNNI DL Boost pipeline active.
[2026-09-01 15:50:01.566] [WARNING] [jarvis] [WS TELEMETRY] Stream note: 'stress_level'
[2026-09-01 15:50:06.981] [INFO   ] [jarvis] J.A.R.V.I.S. Structured Logging Subsystem initialized (Log File: E:\J.A.R.V.I.S - Upgraded\data\logs\jarvis.log)
[2026-09-01 15:50:07.739] [INFO   ] [jarvis.hardware.npu] [NPU ENGINE] 12th Gen Intel Core i7-1255U Detected — P-Core Pinned AVX2/VNNI DL Boost pipeline active.
[2026-09-01 15:50:08.073] [INFO   ] [jarvis.code_graph] AST Code Graph constructed: 102 nodes, 159 edges
[2026-09-01 15:50:08.366] [INFO   ] [jarvis.code_graph] AST Code Graph constructed: 102 nodes, 159 edges
[2026-09-01 15:50:10.905] [WARNING] [jarvis] [WS TELEMETRY] Stream note: 'stress_level'
[2026-09-01 15:51:19.601] [INFO   ] [jarvis] J.A.R.V.I.S. Structured Logging Subsystem initialized (Log File: E:\J.A.R.V.I.S - Upgraded\data\logs\jarvis.log)
[2026-09-01 15:51:19.901] [INFO   ] [jarvis.hardware.npu] [NPU ENGINE] 12th Gen Intel Core i7-1255U Detected — P-Core Pinned AVX2/VNNI DL Boost pipeline active.
[2026-09-01 15:51:31.844] [INFO   ] [jarvis] J.A.R.V.I.S. Structured Logging Subsystem initialized (Log File: E:\J.A.R.V.I.S - Upgraded\data\logs\jarvis.log)
[2026-09-01 15:51:32.160] [INFO   ] [jarvis.hardware.npu] [NPU ENGINE] 12th Gen Intel Core i7-1255U Detected — P-Core Pinned AVX2/VNNI DL Boost pipeline active.
[2026-09-01 15:51:34.255] [INFO   ] [jarvis] J.A.R.V.I.S. Structured Logging Subsystem initialized (Log File: E:\J.A.R.V.I.S - Upgraded\data\logs\jarvis.log)
[2026-09-01 15:51:35.019] [INFO   ] [jarvis.hardware.npu] [NPU ENGINE] 12th Gen Intel Core i7-1255U Detected — P-Core Pinned AVX2/VNNI DL Boost pipeline active.
[2026-09-01 15:51:35.360] [INFO   ] [jarvis.code_graph] AST Code Graph constructed: 102 nodes, 159 edges
[2026-09-01 15:51:35.762] [INFO   ] [jarvis.code_graph] AST Code Graph constructed: 102 nodes, 159 edges
[2026-09-01 15:51:36.284] [INFO   ] [jarvis] J.A.R.V.I.S. Structured Logging Subsystem initialized (Log File: E:\J.A.R.V.I.S - Upgraded\data\logs\jarvis.log)
[2026-09-01 15:51:37.026] [INFO   ] [jarvis.hardware.npu] [NPU ENGINE] 12th Gen Intel Core i7-1255U Detected — P-Core Pinned AVX2/VNNI DL Boost pipeline active.
[2026-09-01 15:51:37.359] [INFO   ] [jarvis.code_graph] AST Code Graph constructed: 102 nodes, 159 edges
[2026-09-01 15:51:37.645] [INFO   ] [jarvis.code_graph] AST Code Graph constructed: 102 nodes, 159 edges
[2026-09-01 15:51:55.245] [INFO   ] [jarvis.memory] SemanticMemoryVault cleared successfully.
[2026-09-01 15:51:56.861] [INFO   ] [jarvis.memory] SemanticMemoryVault cleared successfully.
[2026-09-01 15:51:56.926] [INFO   ] [jarvis.memory] ChromaDB vector vault loaded successfully at E:\J.A.R.V.I.S - Upgraded\data\vault\chroma
[2026-09-01 15:51:57.688] [INFO   ] [jarvis.memory] ChromaDB vector vault loaded successfully at E:\J.A.R.V.I.S - Upgraded\data\vault\chroma
[2026-09-01 15:51:58.668] [INFO   ] [jarvis.memory] ChromaDB vector vault loaded successfully at E:\J.A.R.V.I.S - Upgraded\data\vault\chroma
[2026-09-01 15:51:59.525] [INFO   ] [jarvis.memory] ChromaDB vector vault loaded successfully at E:\J.A.R.V.I.S - Upgraded\data\vault\chroma
[2026-09-01 15:52:15.748] [INFO   ] [jarvis.memory] ChromaDB vector vault loaded successfully at E:\J.A.R.V.I.S - Upgraded\data\vault\chroma
[2026-09-01 15:52:16.825] [INFO   ] [jarvis.memory] ChromaDB vector vault loaded successfully at E:\J.A.R.V.I.S - Upgraded\data\vault\chroma
[2026-09-01 15:52:19.475] [INFO   ] [jarvis.memory] ChromaDB vector vault loaded successfully at E:\J.A.R.V.I.S - Upgraded\data\vault\chroma
[2026-09-01 15:52:23.964] [INFO   ] [jarvis.memory] ChromaDB vector vault loaded successfully at E:\J.A.R.V.I.S - Upgraded\data\vault\chroma
[2026-09-01 15:52:25.596] [INFO   ] [jarvis.swarm.executor] [SWARM] Deploying House Party Protocol across 2 tasks on 4 workers...
[2026-09-01 15:52:25.621] [INFO   ] [jarvis.swarm.executor] [SWARM] House Party Protocol completed 2 tasks in 25.0ms
[2026-09-01 15:52:25.630] [INFO   ] [jarvis.swarm.dag] [SWARM DAG] Executing wave 1/2: ['task_a', 'task_b']
[2026-09-01 15:52:25.631] [INFO   ] [jarvis.swarm.executor] [SWARM] Deploying House Party Protocol across 2 tasks on 4 workers...
[2026-09-01 15:52:25.634] [INFO   ] [jarvis.swarm.executor] [SWARM] House Party Protocol completed 2 tasks in 3.1ms
[2026-09-01 15:52:25.635] [INFO   ] [jarvis.swarm.dag] [SWARM DAG] Executing wave 2/2: ['task_c']
[2026-09-01 15:52:25.636] [INFO   ] [jarvis.swarm.executor] [SWARM] Deploying House Party Protocol across 1 tasks on 4 workers...
[2026-09-01 15:52:25.637] [INFO   ] [jarvis.swarm.executor] [SWARM] House Party Protocol completed 1 tasks in 1.1ms
[2026-09-01 15:52:25.647] [INFO   ] [jarvis.audio.persona] [PERSONA] Switched to F.R.I.D.A.Y. in 0.005ms
[2026-09-01 15:52:25.648] [INFO   ] [jarvis.audio.persona] [PERSONA] Switched to E.D.I.T.H. in 0.004ms
[2026-09-01 15:52:25.810] [INFO   ] [jarvis.sync.satellite] [SATELLITE SYNC] Registered satellite device iphone_pro (mobile) at 192.168.1.55
[2026-09-01 15:52:27.467] [INFO   ] [jarvis.swarm.executor] [SWARM] Deploying House Party Protocol across 2 tasks on 4 workers...
[2026-09-01 15:52:27.489] [INFO   ] [jarvis.swarm.executor] [SWARM] House Party Protocol completed 2 tasks in 22.7ms
[2026-09-01 15:52:27.494] [INFO   ] [jarvis.swarm.dag] [SWARM DAG] Executing wave 1/2: ['task_a', 'task_b']
[2026-09-01 15:52:27.494] [INFO   ] [jarvis.swarm.executor] [SWARM] Deploying House Party Protocol across 2 tasks on 4 workers...
[2026-09-01 15:52:27.496] [INFO   ] [jarvis.swarm.executor] [SWARM] House Party Protocol completed 2 tasks in 1.5ms
[2026-09-01 15:52:27.497] [INFO   ] [jarvis.swarm.dag] [SWARM DAG] Executing wave 2/2: ['task_c']
[2026-09-01 15:52:27.497] [INFO   ] [jarvis.swarm.executor] [SWARM] Deploying House Party Protocol across 1 tasks on 4 workers...
[2026-09-01 15:52:27.497] [INFO   ] [jarvis.swarm.executor] [SWARM] House Party Protocol completed 1 tasks in 0.4ms
[2026-09-01 15:52:27.501] [INFO   ] [jarvis.audio.persona] [PERSONA] Switched to F.R.I.D.A.Y. in 0.003ms
[2026-09-01 15:52:27.501] [INFO   ] [jarvis.audio.persona] [PERSONA] Switched to E.D.I.T.H. in 0.003ms
[2026-09-01 15:52:27.598] [INFO   ] [jarvis.sync.satellite] [SATELLITE SYNC] Registered satellite device iphone_pro (mobile) at 192.168.1.55
[2026-09-01 15:52:33.007] [INFO   ] [jarvis.security.zerotrust] [ZERO TRUST] Operator voiceprint enrolled (5 dims).
[2026-09-01 15:52:33.008] [INFO   ] [jarvis.security.zerotrust] [ZERO TRUST] Voiceprint check: sim=0.9998 (th=0.88) -> PASS
[2026-09-01 15:52:33.008] [INFO   ] [jarvis.security.zerotrust] [ZERO TRUST] Voiceprint check: sim=-0.3877 (th=0.88) -> FAIL
[2026-09-01 15:52:33.011] [INFO   ] [jarvis.hardware.npu] [NPU ENGINE] 12th Gen Intel Core i7-1255U Detected — P-Core Pinned AVX2/VNNI DL Boost pipeline active.
[2026-09-01 15:52:33.012] [INFO   ] [jarvis.hardware.npu] [NPU ENGINE] P-Core Affinity Set: Cores [0, 1, 2, 3] (0x00F)
[2026-09-01 15:52:33.016] [INFO   ] [jarvis.audio.persona] [PERSONA] Switched to F.R.I.D.A.Y. in 0.002ms
[2026-09-01 15:52:33.016] [INFO   ] [jarvis.audio.persona] [PERSONA] Switched to E.D.I.T.H. in 0.002ms
[2026-09-01 15:52:33.017] [INFO   ] [jarvis.audio.persona] [PERSONA] Switched to J.A.R.V.I.S. in 0.002ms
[2026-09-01 15:52:33.017] [INFO   ] [jarvis.security.zerotrust] [ZERO TRUST] Operator voiceprint enrolled (5 dims).
[2026-09-01 15:52:33.018] [INFO   ] [jarvis.security.zerotrust] [ZERO TRUST] Voiceprint check: sim=0.9998 (th=0.88) -> PASS
[2026-09-01 15:52:33.019] [INFO   ] [jarvis.security.zerotrust] [ZERO TRUST] Voiceprint check: sim=-0.3877 (th=0.88) -> FAIL
[2026-09-01 15:52:33.025] [INFO   ] [jarvis.hardware.npu] [NPU ENGINE] 12th Gen Intel Core i7-1255U Detected — P-Core Pinned AVX2/VNNI DL Boost pipeline active.
[2026-09-01 15:52:33.026] [INFO   ] [jarvis.hardware.npu] [NPU ENGINE] P-Core Affinity Set: Cores [0, 1, 2, 3] (0x00F)
[2026-09-01 15:52:33.031] [INFO   ] [jarvis.audio.persona] [PERSONA] Switched to F.R.I.D.A.Y. in 0.003ms
[2026-09-01 15:52:33.031] [INFO   ] [jarvis.audio.persona] [PERSONA] Switched to E.D.I.T.H. in 0.002ms
[2026-09-01 15:52:33.031] [INFO   ] [jarvis.audio.persona] [PERSONA] Switched to F.R.I.D.A.Y. in 0.004ms
[2026-09-01 15:52:33.031] [INFO   ] [jarvis.audio.persona] [PERSONA] Switched to J.A.R.V.I.S. in 0.002ms
[2026-09-01 15:52:33.047] [INFO   ] [jarvis.audio.persona] [PERSONA] Switched to F.R.I.D.A.Y. in 0.003ms
[2026-09-01 15:52:43.437] [INFO   ] [jarvis] J.A.R.V.I.S. Structured Logging Subsystem initialized (Log File: E:\J.A.R.V.I.S - Upgraded\data\logs\jarvis.log)
[2026-09-01 15:52:44.506] [INFO   ] [jarvis.hardware.npu] [NPU ENGINE] 12th Gen Intel Core i7-1255U Detected — P-Core Pinned AVX2/VNNI DL Boost pipeline active.
[2026-09-01 15:52:44.821] [INFO   ] [jarvis.code_graph] AST Code Graph constructed: 102 nodes, 159 edges
[2026-09-01 15:52:45.103] [INFO   ] [jarvis.code_graph] AST Code Graph constructed: 102 nodes, 159 edges
[2026-09-01 15:52:54.520] [INFO   ] [jarvis.memory] SemanticMemoryVault cleared successfully.
[2026-09-01 15:52:55.068] [INFO   ] [jarvis.memory] ChromaDB vector vault loaded successfully at E:\J.A.R.V.I.S - Upgraded\data\vault\chroma
[2026-09-01 15:52:55.841] [INFO   ] [jarvis.memory] ChromaDB vector vault loaded successfully at E:\J.A.R.V.I.S - Upgraded\data\vault\chroma
[2026-09-01 15:53:09.124] [INFO   ] [jarvis.memory] ChromaDB vector vault loaded successfully at E:\J.A.R.V.I.S - Upgraded\data\vault\chroma
[2026-09-01 15:53:15.426] [INFO   ] [jarvis.memory] ChromaDB vector vault loaded successfully at E:\J.A.R.V.I.S - Upgraded\data\vault\chroma
[2026-09-01 15:53:15.712] [INFO   ] [jarvis] J.A.R.V.I.S. Structured Logging Subsystem initialized (Log File: E:\J.A.R.V.I.S - Upgraded\data\logs\jarvis.log)
[2026-09-01 15:53:16.160] [INFO   ] [jarvis.hardware.npu] [NPU ENGINE] 12th Gen Intel Core i7-1255U Detected — P-Core Pinned AVX2/VNNI DL Boost pipeline active.
[2026-09-01 15:53:20.160] [INFO   ] [jarvis.swarm.executor] [SWARM] Deploying House Party Protocol across 2 tasks on 4 workers...
[2026-09-01 15:53:20.185] [INFO   ] [jarvis.swarm.executor] [SWARM] House Party Protocol completed 2 tasks in 23.5ms
[2026-09-01 15:53:20.191] [INFO   ] [jarvis.swarm.dag] [SWARM DAG] Executing wave 1/2: ['task_a', 'task_b']
[2026-09-01 15:53:20.191] [INFO   ] [jarvis.swarm.executor] [SWARM] Deploying House Party Protocol across 2 tasks on 4 workers...
[2026-09-01 15:53:20.191] [INFO   ] [jarvis.swarm.executor] [SWARM] House Party Protocol completed 2 tasks in 2.5ms
[2026-09-01 15:53:20.196] [INFO   ] [jarvis.swarm.dag] [SWARM DAG] Executing wave 2/2: ['task_c']
[2026-09-01 15:53:20.197] [INFO   ] [jarvis.swarm.executor] [SWARM] Deploying House Party Protocol across 1 tasks on 4 workers...
[2026-09-01 15:53:20.197] [INFO   ] [jarvis.swarm.executor] [SWARM] House Party Protocol completed 1 tasks in 1.2ms
[2026-09-01 15:53:20.204] [INFO   ] [jarvis.audio.persona] [PERSONA] Switched to F.R.I.D.A.Y. in 0.003ms
[2026-09-01 15:53:20.205] [INFO   ] [jarvis.audio.persona] [PERSONA] Switched to E.D.I.T.H. in 0.003ms
[2026-09-01 15:53:20.306] [INFO   ] [jarvis.sync.satellite] [SATELLITE SYNC] Registered satellite device iphone_pro (mobile) at 192.168.1.55
[2026-09-01 15:53:24.865] [INFO   ] [jarvis.security.zerotrust] [ZERO TRUST] Operator voiceprint enrolled (5 dims).
[2026-09-01 15:53:24.865] [INFO   ] [jarvis.security.zerotrust] [ZERO TRUST] Voiceprint check: sim=0.9998 (th=0.88) -> PASS
[2026-09-01 15:53:24.865] [INFO   ] [jarvis.security.zerotrust] [ZERO TRUST] Voiceprint check: sim=-0.3877 (th=0.88) -> FAIL
[2026-09-01 15:53:24.865] [INFO   ] [jarvis.hardware.npu] [NPU ENGINE] 12th Gen Intel Core i7-1255U Detected — P-Core Pinned AVX2/VNNI DL Boost pipeline active.
[2026-09-01 15:53:24.865] [INFO   ] [jarvis.hardware.npu] [NPU ENGINE] P-Core Affinity Set: Cores [0, 1, 2, 3] (0x00F)
[2026-09-01 15:53:24.879] [INFO   ] [jarvis.audio.persona] [PERSONA] Switched to F.R.I.D.A.Y. in 0.002ms
[2026-09-01 15:53:24.879] [INFO   ] [jarvis.audio.persona] [PERSONA] Switched to E.D.I.T.H. in 0.002ms
[2026-09-01 15:53:24.879] [INFO   ] [jarvis.audio.persona] [PERSONA] Switched to J.A.R.V.I.S. in 0.001ms
[2026-09-01 15:53:24.884] [INFO   ] [jarvis.audio.persona] [PERSONA] Switched to F.R.I.D.A.Y. in 0.002ms
[2026-09-01 15:53:31.937] [INFO   ] [jarvis] J.A.R.V.I.S. Structured Logging Subsystem initialized (Log File: E:\J.A.R.V.I.S - Upgraded\data\logs\jarvis.log)
[2026-09-01 15:53:32.220] [INFO   ] [jarvis.hardware.npu] [NPU ENGINE] 12th Gen Intel Core i7-1255U Detected — P-Core Pinned AVX2/VNNI DL Boost pipeline active.
[2026-09-01 15:53:33.145] [INFO   ] [jarvis] J.A.R.V.I.S. Structured Logging Subsystem initialized (Log File: E:\J.A.R.V.I.S - Upgraded\data\logs\jarvis.log)
[2026-09-01 15:53:33.886] [INFO   ] [jarvis.hardware.npu] [NPU ENGINE] 12th Gen Intel Core i7-1255U Detected — P-Core Pinned AVX2/VNNI DL Boost pipeline active.
[2026-09-01 15:53:34.198] [INFO   ] [jarvis.code_graph] AST Code Graph constructed: 102 nodes, 159 edges
[2026-09-01 15:53:34.502] [INFO   ] [jarvis.code_graph] AST Code Graph constructed: 102 nodes, 159 edges
[2026-09-01 15:53:37.283] [INFO   ] [jarvis] J.A.R.V.I.S. Structured Logging Subsystem initialized (Log File: E:\J.A.R.V.I.S - Upgraded\data\logs\jarvis.log)
[2026-09-01 15:53:39.265] [INFO   ] [jarvis.hardware.npu] [NPU ENGINE] 12th Gen Intel Core i7-1255U Detected — P-Core Pinned AVX2/VNNI DL Boost pipeline active.
[2026-09-01 15:53:39.776] [INFO   ] [jarvis.code_graph] AST Code Graph constructed: 102 nodes, 159 edges
[2026-09-01 15:53:40.152] [INFO   ] [jarvis.code_graph] AST Code Graph constructed: 102 nodes, 159 edges
[2026-09-01 15:53:44.081] [INFO   ] [jarvis.memory] SemanticMemoryVault cleared successfully.
[2026-09-01 15:53:44.867] [INFO   ] [jarvis.memory] ChromaDB vector vault loaded successfully at E:\J.A.R.V.I.S - Upgraded\data\vault\chroma
[2026-09-01 15:53:46.966] [INFO   ] [jarvis.memory] ChromaDB vector vault loaded successfully at E:\J.A.R.V.I.S - Upgraded\data\vault\chroma
[2026-09-01 15:53:55.573] [INFO   ] [jarvis.memory] SemanticMemoryVault cleared successfully.
[2026-09-01 15:53:56.284] [INFO   ] [jarvis.memory] ChromaDB vector vault loaded successfully at E:\J.A.R.V.I.S - Upgraded\data\vault\chroma
[2026-09-01 15:53:57.525] [INFO   ] [jarvis.memory] ChromaDB vector vault loaded successfully at E:\J.A.R.V.I.S - Upgraded\data\vault\chroma
[2026-09-01 15:54:03.265] [INFO   ] [jarvis.memory] ChromaDB vector vault loaded successfully at E:\J.A.R.V.I.S - Upgraded\data\vault\chroma
[2026-09-01 15:54:10.485] [INFO   ] [jarvis.memory] ChromaDB vector vault loaded successfully at E:\J.A.R.V.I.S - Upgraded\data\vault\chroma
[2026-09-01 15:54:14.158] [INFO   ] [jarvis.memory] ChromaDB vector vault loaded successfully at E:\J.A.R.V.I.S - Upgraded\data\vault\chroma
[2026-09-01 15:54:14.247] [INFO   ] [jarvis.swarm.executor] [SWARM] Deploying House Party Protocol across 2 tasks on 4 workers...
[2026-09-01 15:54:14.272] [INFO   ] [jarvis.swarm.executor] [SWARM] House Party Protocol completed 2 tasks in 24.6ms
[2026-09-01 15:54:14.279] [INFO   ] [jarvis.swarm.dag] [SWARM DAG] Executing wave 1/2: ['task_a', 'task_b']
[2026-09-01 15:54:14.281] [INFO   ] [jarvis.swarm.executor] [SWARM] Deploying House Party Protocol across 2 tasks on 4 workers...
[2026-09-01 15:54:14.283] [INFO   ] [jarvis.swarm.executor] [SWARM] House Party Protocol completed 2 tasks in 1.9ms
[2026-09-01 15:54:14.284] [INFO   ] [jarvis.swarm.dag] [SWARM DAG] Executing wave 2/2: ['task_c']
[2026-09-01 15:54:14.284] [INFO   ] [jarvis.swarm.executor] [SWARM] Deploying House Party Protocol across 1 tasks on 4 workers...
[2026-09-01 15:54:14.284] [INFO   ] [jarvis.swarm.executor] [SWARM] House Party Protocol completed 1 tasks in 1.0ms
[2026-09-01 15:54:14.293] [INFO   ] [jarvis.audio.persona] [PERSONA] Switched to F.R.I.D.A.Y. in 0.003ms
[2026-09-01 15:54:14.294] [INFO   ] [jarvis.audio.persona] [PERSONA] Switched to E.D.I.T.H. in 0.003ms
[2026-09-01 15:54:14.433] [INFO   ] [jarvis.sync.satellite] [SATELLITE SYNC] Registered satellite device iphone_pro (mobile) at 192.168.1.55
[2026-09-01 15:54:21.019] [INFO   ] [jarvis.memory] ChromaDB vector vault loaded successfully at E:\J.A.R.V.I.S - Upgraded\data\vault\chroma
[2026-09-01 15:54:23.991] [INFO   ] [jarvis.security.zerotrust] [ZERO TRUST] Operator voiceprint enrolled (5 dims).
[2026-09-01 15:54:23.993] [INFO   ] [jarvis.security.zerotrust] [ZERO TRUST] Voiceprint check: sim=0.9998 (th=0.88) -> PASS
[2026-09-01 15:54:23.995] [INFO   ] [jarvis.security.zerotrust] [ZERO TRUST] Voiceprint check: sim=-0.3877 (th=0.88) -> FAIL
[2026-09-01 15:54:24.000] [INFO   ] [jarvis.hardware.npu] [NPU ENGINE] 12th Gen Intel Core i7-1255U Detected — P-Core Pinned AVX2/VNNI DL Boost pipeline active.
[2026-09-01 15:54:24.002] [INFO   ] [jarvis.hardware.npu] [NPU ENGINE] P-Core Affinity Set: Cores [0, 1, 2, 3] (0x00F)
[2026-09-01 15:54:24.008] [INFO   ] [jarvis.audio.persona] [PERSONA] Switched to F.R.I.D.A.Y. in 0.005ms
[2026-09-01 15:54:24.010] [INFO   ] [jarvis.audio.persona] [PERSONA] Switched to E.D.I.T.H. in 0.003ms
[2026-09-01 15:54:24.011] [INFO   ] [jarvis.audio.persona] [PERSONA] Switched to J.A.R.V.I.S. in 0.003ms
[2026-09-01 15:54:24.037] [INFO   ] [jarvis.audio.persona] [PERSONA] Switched to F.R.I.D.A.Y. in 0.007ms
[2026-09-01 15:54:24.893] [INFO   ] [jarvis.swarm.executor] [SWARM] Deploying House Party Protocol across 2 tasks on 4 workers...
[2026-09-01 15:54:24.916] [INFO   ] [jarvis.swarm.executor] [SWARM] House Party Protocol completed 2 tasks in 22.4ms
[2026-09-01 15:54:24.920] [INFO   ] [jarvis.swarm.dag] [SWARM DAG] Executing wave 1/2: ['task_a', 'task_b']
[2026-09-01 15:54:24.920] [INFO   ] [jarvis.swarm.executor] [SWARM] Deploying House Party Protocol across 2 tasks on 4 workers...
[2026-09-01 15:54:24.922] [INFO   ] [jarvis.swarm.executor] [SWARM] House Party Protocol completed 2 tasks in 1.6ms
[2026-09-01 15:54:24.922] [INFO   ] [jarvis.swarm.dag] [SWARM DAG] Executing wave 2/2: ['task_c']
[2026-09-01 15:54:24.922] [INFO   ] [jarvis.swarm.executor] [SWARM] Deploying House Party Protocol across 1 tasks on 4 workers...
[2026-09-01 15:54:24.923] [INFO   ] [jarvis.swarm.executor] [SWARM] House Party Protocol completed 1 tasks in 0.5ms
[2026-09-01 15:54:24.926] [INFO   ] [jarvis.audio.persona] [PERSONA] Switched to F.R.I.D.A.Y. in 0.002ms
[2026-09-01 15:54:24.926] [INFO   ] [jarvis.audio.persona] [PERSONA] Switched to E.D.I.T.H. in 0.002ms
[2026-09-01 15:54:25.027] [INFO   ] [jarvis.sync.satellite] [SATELLITE SYNC] Registered satellite device iphone_pro (mobile) at 192.168.1.55
[2026-09-01 15:54:30.841] [INFO   ] [jarvis.security.zerotrust] [ZERO TRUST] Operator voiceprint enrolled (5 dims).
[2026-09-01 15:54:30.842] [INFO   ] [jarvis.security.zerotrust] [ZERO TRUST] Voiceprint check: sim=0.9998 (th=0.88) -> PASS
[2026-09-01 15:54:30.842] [INFO   ] [jarvis.security.zerotrust] [ZERO TRUST] Voiceprint check: sim=-0.3877 (th=0.88) -> FAIL
[2026-09-01 15:54:30.843] [INFO   ] [jarvis.hardware.npu] [NPU ENGINE] 12th Gen Intel Core i7-1255U Detected — P-Core Pinned AVX2/VNNI DL Boost pipeline active.
[2026-09-01 15:54:30.844] [INFO   ] [jarvis.hardware.npu] [NPU ENGINE] P-Core Affinity Set: Cores [0, 1, 2, 3] (0x00F)
[2026-09-01 15:54:30.846] [INFO   ] [jarvis.audio.persona] [PERSONA] Switched to F.R.I.D.A.Y. in 0.002ms
[2026-09-01 15:54:30.847] [INFO   ] [jarvis.audio.persona] [PERSONA] Switched to E.D.I.T.H. in 0.002ms
[2026-09-01 15:54:30.847] [INFO   ] [jarvis.audio.persona] [PERSONA] Switched to J.A.R.V.I.S. in 0.001ms
[2026-09-01 15:54:30.859] [INFO   ] [jarvis.audio.persona] [PERSONA] Switched to F.R.I.D.A.Y. in 0.003ms
[2026-09-01 15:54:51.398] [INFO   ] [jarvis] J.A.R.V.I.S. Structured Logging Subsystem initialized (Log File: E:\J.A.R.V.I.S - Upgraded\data\logs\jarvis.log)
[2026-09-01 15:54:51.779] [INFO   ] [jarvis] J.A.R.V.I.S. Structured Logging Subsystem initialized (Log File: E:\J.A.R.V.I.S - Upgraded\data\logs\jarvis.log)
[2026-09-01 15:54:51.797] [INFO   ] [jarvis.hardware.npu] [NPU ENGINE] 12th Gen Intel Core i7-1255U Detected — P-Core Pinned AVX2/VNNI DL Boost pipeline active.
[2026-09-01 15:54:51.870] [INFO   ] [jarvis] ============================================================
[2026-09-01 15:54:51.870] [INFO   ] [jarvis]    J.A.R.V.I.S. v3.0 STARK HORIZON CORE SPINE INITIALIZING  
[2026-09-01 15:54:51.870] [INFO   ] [jarvis] ============================================================
[2026-09-01 15:54:51.870] [INFO   ] [jarvis] Endpoint: http://127.0.0.1:8765
[2026-09-01 15:54:51.870] [INFO   ] [jarvis] Root Directory: E:\J.A.R.V.I.S - Upgraded
[2026-09-01 15:54:51.870] [INFO   ] [jarvis] Data Directory: E:\J.A.R.V.I.S - Upgraded\data
[2026-09-01 15:54:51.870] [INFO   ] [jarvis] Process PID 2760 pinned to P-Core threads: [0, 1, 2, 3]
[2026-09-01 15:54:51.877] [INFO   ] [jarvis] Perception Audio Pipeline & Laptop Microphone intake initialized.
[2026-09-01 15:54:52.703] [INFO   ] [jarvis.code_graph] AST Code Graph constructed: 102 nodes, 159 edges
[2026-09-01 15:55:11.176] [INFO   ] [jarvis] [LAPTOP VOICE INTAKE] Transcribed: '[Audio Utterance 1.68s | RMS 0.0088]'
[2026-09-01 15:55:11.606] [INFO   ] [jarvis.memory] ChromaDB vector vault loaded successfully at E:\J.A.R.V.I.S - Upgraded\data\vault\chroma
[2026-09-01 16:01:45.306] [INFO   ] [jarvis] J.A.R.V.I.S. Structured Logging Subsystem initialized (Log File: E:\J.A.R.V.I.S - Upgraded\data\logs\jarvis.log)
[2026-09-01 16:01:46.056] [INFO   ] [jarvis.hardware.npu] [NPU ENGINE] 12th Gen Intel Core i7-1255U Detected — P-Core Pinned AVX2/VNNI DL Boost pipeline active.
[2026-09-01 16:01:46.358] [INFO   ] [jarvis.code_graph] AST Code Graph constructed: 102 nodes, 159 edges
[2026-09-01 16:01:46.631] [INFO   ] [jarvis.code_graph] AST Code Graph constructed: 102 nodes, 159 edges
[2026-09-01 16:02:00.188] [INFO   ] [jarvis.memory] SemanticMemoryVault cleared successfully.
[2026-09-01 16:02:00.679] [INFO   ] [jarvis.memory] ChromaDB vector vault loaded successfully at E:\J.A.R.V.I.S - Upgraded\data\vault\chroma
[2026-09-01 16:02:01.446] [INFO   ] [jarvis.memory] ChromaDB vector vault loaded successfully at E:\J.A.R.V.I.S - Upgraded\data\vault\chroma
[2026-09-01 16:02:11.602] [INFO   ] [jarvis.memory] ChromaDB vector vault loaded successfully at E:\J.A.R.V.I.S - Upgraded\data\vault\chroma
[2026-09-01 16:02:17.894] [INFO   ] [jarvis.memory] ChromaDB vector vault loaded successfully at E:\J.A.R.V.I.S - Upgraded\data\vault\chroma
[2026-09-01 16:02:22.576] [INFO   ] [jarvis.swarm.executor] [SWARM] Deploying House Party Protocol across 2 tasks on 4 workers...
[2026-09-01 16:02:22.600] [INFO   ] [jarvis.swarm.executor] [SWARM] House Party Protocol completed 2 tasks in 23.2ms
[2026-09-01 16:02:22.606] [INFO   ] [jarvis.swarm.dag] [SWARM DAG] Executing wave 1/2: ['task_a', 'task_b']
[2026-09-01 16:02:22.606] [INFO   ] [jarvis.swarm.executor] [SWARM] Deploying House Party Protocol across 2 tasks on 4 workers...
[2026-09-01 16:02:22.609] [INFO   ] [jarvis.swarm.executor] [SWARM] House Party Protocol completed 2 tasks in 2.3ms
[2026-09-01 16:02:22.609] [INFO   ] [jarvis.swarm.dag] [SWARM DAG] Executing wave 2/2: ['task_c']
[2026-09-01 16:02:22.610] [INFO   ] [jarvis.swarm.executor] [SWARM] Deploying House Party Protocol across 1 tasks on 4 workers...
[2026-09-01 16:02:22.611] [INFO   ] [jarvis.swarm.executor] [SWARM] House Party Protocol completed 1 tasks in 1.6ms
[2026-09-01 16:02:22.619] [INFO   ] [jarvis.audio.persona] [PERSONA] Switched to F.R.I.D.A.Y. in 0.005ms
[2026-09-01 16:02:22.621] [INFO   ] [jarvis.audio.persona] [PERSONA] Switched to E.D.I.T.H. in 0.007ms
[2026-09-01 16:02:22.791] [INFO   ] [jarvis.sync.satellite] [SATELLITE SYNC] Registered satellite device iphone_pro (mobile) at 192.168.1.55
[2026-09-01 16:02:31.684] [INFO   ] [jarvis.security.zerotrust] [ZERO TRUST] Operator voiceprint enrolled (5 dims).
[2026-09-01 16:02:31.684] [INFO   ] [jarvis.security.zerotrust] [ZERO TRUST] Voiceprint check: sim=0.9998 (th=0.88) -> PASS
[2026-09-01 16:02:31.684] [INFO   ] [jarvis.security.zerotrust] [ZERO TRUST] Voiceprint check: sim=-0.3877 (th=0.88) -> FAIL
[2026-09-01 16:02:31.686] [INFO   ] [jarvis.hardware.npu] [NPU ENGINE] 12th Gen Intel Core i7-1255U Detected — P-Core Pinned AVX2/VNNI DL Boost pipeline active.
[2026-09-01 16:02:31.686] [INFO   ] [jarvis.hardware.npu] [NPU ENGINE] P-Core Affinity Set: Cores [0, 1, 2, 3] (0x00F)
[2026-09-01 16:02:31.691] [INFO   ] [jarvis.audio.persona] [PERSONA] Switched to F.R.I.D.A.Y. in 0.004ms
[2026-09-01 16:02:31.693] [INFO   ] [jarvis.audio.persona] [PERSONA] Switched to E.D.I.T.H. in 0.003ms
[2026-09-01 16:02:31.693] [INFO   ] [jarvis.audio.persona] [PERSONA] Switched to J.A.R.V.I.S. in 0.002ms
[2026-09-01 16:02:31.712] [INFO   ] [jarvis.audio.persona] [PERSONA] Switched to F.R.I.D.A.Y. in 0.004ms
[2026-09-01 16:05:26.679] [INFO   ] [jarvis] J.A.R.V.I.S. Structured Logging Subsystem initialized (Log File: E:\J.A.R.V.I.S - Upgraded\data\logs\jarvis.log)
[2026-09-01 16:05:27.115] [INFO   ] [jarvis.hardware.npu] [NPU ENGINE] 12th Gen Intel Core i7-1255U Detected — P-Core Pinned AVX2/VNNI DL Boost pipeline active.
[2026-09-01 16:05:37.233] [INFO   ] [jarvis] J.A.R.V.I.S. Structured Logging Subsystem initialized (Log File: E:\J.A.R.V.I.S - Upgraded\data\logs\jarvis.log)
[2026-09-01 16:05:37.995] [INFO   ] [jarvis.hardware.npu] [NPU ENGINE] 12th Gen Intel Core i7-1255U Detected — P-Core Pinned AVX2/VNNI DL Boost pipeline active.
[2026-09-01 16:05:38.314] [INFO   ] [jarvis.code_graph] AST Code Graph constructed: 103 nodes, 165 edges
[2026-09-01 16:05:38.586] [INFO   ] [jarvis.code_graph] AST Code Graph constructed: 103 nodes, 165 edges
[2026-09-01 16:05:46.372] [INFO   ] [jarvis.memory] SemanticMemoryVault cleared successfully.
[2026-09-01 16:05:46.898] [INFO   ] [jarvis.memory] ChromaDB vector vault loaded successfully at E:\J.A.R.V.I.S - Upgraded\data\vault\chroma
[2026-09-01 16:05:47.846] [INFO   ] [jarvis.memory] ChromaDB vector vault loaded successfully at E:\J.A.R.V.I.S - Upgraded\data\vault\chroma
[2026-09-01 16:05:48.397] [INFO   ] [jarvis] J.A.R.V.I.S. Structured Logging Subsystem initialized (Log File: E:\J.A.R.V.I.S - Upgraded\data\logs\jarvis.log)
[2026-09-01 16:05:48.831] [INFO   ] [jarvis.hardware.npu] [NPU ENGINE] 12th Gen Intel Core i7-1255U Detected — P-Core Pinned AVX2/VNNI DL Boost pipeline active.
[2026-09-01 16:05:49.892] [INFO   ] [jarvis.code_graph] AST Code Graph constructed: 103 nodes, 165 edges
[2026-09-01 16:05:55.457] [INFO   ] [jarvis] J.A.R.V.I.S. Structured Logging Subsystem initialized (Log File: E:\J.A.R.V.I.S - Upgraded\data\logs\jarvis.log)
[2026-09-01 16:05:56.519] [INFO   ] [jarvis.hardware.npu] [NPU ENGINE] 12th Gen Intel Core i7-1255U Detected — P-Core Pinned AVX2/VNNI DL Boost pipeline active.
[2026-09-01 16:05:56.881] [INFO   ] [jarvis.code_graph] AST Code Graph constructed: 103 nodes, 165 edges
[2026-09-01 16:05:57.199] [INFO   ] [jarvis.code_graph] AST Code Graph constructed: 103 nodes, 165 edges
[2026-09-01 16:05:57.818] [INFO   ] [jarvis] [WS TELEMETRY] Connection closed: 
[2026-09-01 16:05:58.121] [INFO   ] [jarvis.memory] ChromaDB vector vault loaded successfully at E:\J.A.R.V.I.S - Upgraded\data\vault\chroma
[2026-09-01 16:06:05.298] [INFO   ] [jarvis.memory] ChromaDB vector vault loaded successfully at E:\J.A.R.V.I.S - Upgraded\data\vault\chroma
[2026-09-01 16:06:11.467] [INFO   ] [jarvis.swarm.executor] [SWARM] Deploying House Party Protocol across 2 tasks on 4 workers...
[2026-09-01 16:06:11.491] [INFO   ] [jarvis.swarm.executor] [SWARM] House Party Protocol completed 2 tasks in 22.4ms
[2026-09-01 16:06:11.498] [INFO   ] [jarvis.swarm.dag] [SWARM DAG] Executing wave 1/2: ['task_a', 'task_b']
[2026-09-01 16:06:11.498] [INFO   ] [jarvis.swarm.executor] [SWARM] Deploying House Party Protocol across 2 tasks on 4 workers...
[2026-09-01 16:06:11.504] [INFO   ] [jarvis.swarm.executor] [SWARM] House Party Protocol completed 2 tasks in 3.5ms
[2026-09-01 16:06:11.506] [INFO   ] [jarvis.swarm.dag] [SWARM DAG] Executing wave 2/2: ['task_c']
[2026-09-01 16:06:11.507] [INFO   ] [jarvis.swarm.executor] [SWARM] Deploying House Party Protocol across 1 tasks on 4 workers...
[2026-09-01 16:06:11.507] [INFO   ] [jarvis.swarm.executor] [SWARM] House Party Protocol completed 1 tasks in 1.3ms
[2026-09-01 16:06:11.541] [INFO   ] [jarvis.audio.persona] [PERSONA] Switched to F.R.I.D.A.Y. in 0.010ms
[2026-09-01 16:06:11.549] [INFO   ] [jarvis.audio.persona] [PERSONA] Switched to E.D.I.T.H. in 0.050ms
[2026-09-01 16:06:11.740] [INFO   ] [jarvis.sync.satellite] [SATELLITE SYNC] Registered satellite device iphone_pro (mobile) at 192.168.1.55
[2026-09-01 16:06:17.066] [INFO   ] [jarvis.memory] SemanticMemoryVault cleared successfully.
[2026-09-01 16:06:18.095] [INFO   ] [jarvis.memory] ChromaDB vector vault loaded successfully at E:\J.A.R.V.I.S - Upgraded\data\vault\chroma
[2026-09-01 16:06:19.678] [INFO   ] [jarvis.memory] ChromaDB vector vault loaded successfully at E:\J.A.R.V.I.S - Upgraded\data\vault\chroma
[2026-09-01 16:06:24.911] [INFO   ] [jarvis.security.zerotrust] [ZERO TRUST] Operator voiceprint enrolled (5 dims).
[2026-09-01 16:06:24.911] [INFO   ] [jarvis.security.zerotrust] [ZERO TRUST] Voiceprint check: sim=0.9998 (th=0.88) -> PASS
[2026-09-01 16:06:24.916] [INFO   ] [jarvis.security.zerotrust] [ZERO TRUST] Voiceprint check: sim=-0.3877 (th=0.88) -> FAIL
[2026-09-01 16:06:24.922] [INFO   ] [jarvis.hardware.npu] [NPU ENGINE] 12th Gen Intel Core i7-1255U Detected — P-Core Pinned AVX2/VNNI DL Boost pipeline active.
[2026-09-01 16:06:24.924] [INFO   ] [jarvis.hardware.npu] [NPU ENGINE] P-Core Affinity Set: Cores [0, 1, 2, 3] (0x00F)
[2026-09-01 16:06:24.931] [INFO   ] [jarvis.audio.persona] [PERSONA] Switched to F.R.I.D.A.Y. in 0.005ms
[2026-09-01 16:06:24.932] [INFO   ] [jarvis.audio.persona] [PERSONA] Switched to E.D.I.T.H. in 0.003ms
[2026-09-01 16:06:24.933] [INFO   ] [jarvis.audio.persona] [PERSONA] Switched to J.A.R.V.I.S. in 0.003ms
[2026-09-01 16:06:24.969] [INFO   ] [jarvis.audio.persona] [PERSONA] Switched to F.R.I.D.A.Y. in 0.007ms
[2026-09-01 16:06:30.075] [INFO   ] [jarvis.memory] ChromaDB vector vault loaded successfully at E:\J.A.R.V.I.S - Upgraded\data\vault\chroma
[2026-09-01 16:06:34.946] [INFO   ] [jarvis] J.A.R.V.I.S. Structured Logging Subsystem initialized (Log File: E:\J.A.R.V.I.S - Upgraded\data\logs\jarvis.log)
[2026-09-01 16:06:35.547] [INFO   ] [jarvis.hardware.npu] [NPU ENGINE] 12th Gen Intel Core i7-1255U Detected — P-Core Pinned AVX2/VNNI DL Boost pipeline active.
[2026-09-01 16:06:35.715] [INFO   ] [jarvis.memory] ChromaDB vector vault loaded successfully at E:\J.A.R.V.I.S - Upgraded\data\vault\chroma
[2026-09-01 16:06:36.048] [INFO   ] [jarvis.code_graph] AST Code Graph constructed: 103 nodes, 165 edges
[2026-09-01 16:06:41.526] [INFO   ] [jarvis.swarm.executor] [SWARM] Deploying House Party Protocol across 2 tasks on 4 workers...
[2026-09-01 16:06:41.549] [INFO   ] [jarvis.swarm.executor] [SWARM] House Party Protocol completed 2 tasks in 23.3ms
[2026-09-01 16:06:41.557] [INFO   ] [jarvis.swarm.dag] [SWARM DAG] Executing wave 1/2: ['task_a', 'task_b']
[2026-09-01 16:06:41.557] [INFO   ] [jarvis.swarm.executor] [SWARM] Deploying House Party Protocol across 2 tasks on 4 workers...
[2026-09-01 16:06:41.560] [INFO   ] [jarvis.swarm.executor] [SWARM] House Party Protocol completed 2 tasks in 2.2ms
[2026-09-01 16:06:41.560] [INFO   ] [jarvis.swarm.dag] [SWARM DAG] Executing wave 2/2: ['task_c']
[2026-09-01 16:06:41.561] [INFO   ] [jarvis.swarm.executor] [SWARM] Deploying House Party Protocol across 1 tasks on 4 workers...
[2026-09-01 16:06:41.562] [INFO   ] [jarvis.swarm.executor] [SWARM] House Party Protocol completed 1 tasks in 1.1ms
[2026-09-01 16:06:41.567] [INFO   ] [jarvis.audio.persona] [PERSONA] Switched to F.R.I.D.A.Y. in 0.003ms
[2026-09-01 16:06:41.568] [INFO   ] [jarvis.audio.persona] [PERSONA] Switched to E.D.I.T.H. in 0.003ms
[2026-09-01 16:06:41.658] [INFO   ] [jarvis.sync.satellite] [SATELLITE SYNC] Registered satellite device iphone_pro (mobile) at 192.168.1.55
[2026-09-01 16:06:46.864] [INFO   ] [jarvis.security.zerotrust] [ZERO TRUST] Operator voiceprint enrolled (5 dims).
[2026-09-01 16:06:46.865] [INFO   ] [jarvis.security.zerotrust] [ZERO TRUST] Voiceprint check: sim=0.9998 (th=0.88) -> PASS
[2026-09-01 16:06:46.865] [INFO   ] [jarvis.security.zerotrust] [ZERO TRUST] Voiceprint check: sim=-0.3877 (th=0.88) -> FAIL
[2026-09-01 16:06:46.870] [INFO   ] [jarvis.hardware.npu] [NPU ENGINE] 12th Gen Intel Core i7-1255U Detected — P-Core Pinned AVX2/VNNI DL Boost pipeline active.
[2026-09-01 16:06:46.873] [INFO   ] [jarvis.hardware.npu] [NPU ENGINE] P-Core Affinity Set: Cores [0, 1, 2, 3] (0x00F)
[2026-09-01 16:06:46.876] [INFO   ] [jarvis.audio.persona] [PERSONA] Switched to F.R.I.D.A.Y. in 0.002ms
[2026-09-01 16:06:46.877] [INFO   ] [jarvis.audio.persona] [PERSONA] Switched to E.D.I.T.H. in 0.002ms
[2026-09-01 16:06:46.877] [INFO   ] [jarvis.audio.persona] [PERSONA] Switched to J.A.R.V.I.S. in 0.002ms
[2026-09-01 16:06:46.892] [INFO   ] [jarvis.audio.persona] [PERSONA] Switched to F.R.I.D.A.Y. in 0.003ms
[2026-09-01 16:07:00.726] [INFO   ] [jarvis] J.A.R.V.I.S. Structured Logging Subsystem initialized (Log File: E:\J.A.R.V.I.S - Upgraded\data\logs\jarvis.log)
[2026-09-01 16:07:00.975] [INFO   ] [jarvis.hardware.npu] [NPU ENGINE] 12th Gen Intel Core i7-1255U Detected — P-Core Pinned AVX2/VNNI DL Boost pipeline active.
[2026-09-01 16:07:04.365] [INFO   ] [jarvis.code_graph] AST Code Graph constructed: 103 nodes, 165 edges
[2026-09-01 16:07:09.518] [INFO   ] [jarvis] J.A.R.V.I.S. Structured Logging Subsystem initialized (Log File: E:\J.A.R.V.I.S - Upgraded\data\logs\jarvis.log)
[2026-09-01 16:07:10.255] [INFO   ] [jarvis.hardware.npu] [NPU ENGINE] 12th Gen Intel Core i7-1255U Detected — P-Core Pinned AVX2/VNNI DL Boost pipeline active.
[2026-09-01 16:07:10.590] [INFO   ] [jarvis.code_graph] AST Code Graph constructed: 103 nodes, 165 edges
[2026-09-01 16:07:10.875] [INFO   ] [jarvis.code_graph] AST Code Graph constructed: 103 nodes, 165 edges
[2026-09-01 16:07:11.399] [INFO   ] [jarvis] [WS TELEMETRY] Connection closed: 
[2026-09-01 16:07:14.919] [INFO   ] [jarvis] J.A.R.V.I.S. Structured Logging Subsystem initialized (Log File: E:\J.A.R.V.I.S - Upgraded\data\logs\jarvis.log)
[2026-09-01 16:07:16.147] [INFO   ] [jarvis.hardware.npu] [NPU ENGINE] 12th Gen Intel Core i7-1255U Detected — P-Core Pinned AVX2/VNNI DL Boost pipeline active.
[2026-09-01 16:07:16.598] [INFO   ] [jarvis.code_graph] AST Code Graph constructed: 103 nodes, 165 edges
[2026-09-01 16:07:17.009] [INFO   ] [jarvis.code_graph] AST Code Graph constructed: 103 nodes, 165 edges
[2026-09-01 16:07:17.575] [INFO   ] [jarvis] [WS TELEMETRY] Connection closed: 
[2026-09-01 16:07:21.059] [INFO   ] [jarvis.memory] SemanticMemoryVault cleared successfully.
[2026-09-01 16:07:22.123] [INFO   ] [jarvis.memory] ChromaDB vector vault loaded successfully at E:\J.A.R.V.I.S - Upgraded\data\vault\chroma
[2026-09-01 16:07:23.803] [INFO   ] [jarvis.memory] ChromaDB vector vault loaded successfully at E:\J.A.R.V.I.S - Upgraded\data\vault\chroma
[2026-09-01 16:07:32.865] [INFO   ] [jarvis.memory] SemanticMemoryVault cleared successfully.
[2026-09-01 16:07:33.497] [INFO   ] [jarvis.memory] ChromaDB vector vault loaded successfully at E:\J.A.R.V.I.S - Upgraded\data\vault\chroma
[2026-09-01 16:07:34.864] [INFO   ] [jarvis.memory] ChromaDB vector vault loaded successfully at E:\J.A.R.V.I.S - Upgraded\data\vault\chroma
[2026-09-01 16:07:36.661] [INFO   ] [jarvis.memory] ChromaDB vector vault loaded successfully at E:\J.A.R.V.I.S - Upgraded\data\vault\chroma
[2026-09-01 16:07:40.422] [INFO   ] [jarvis.memory] ChromaDB vector vault loaded successfully at E:\J.A.R.V.I.S - Upgraded\data\vault\chroma
[2026-09-01 16:07:46.706] [INFO   ] [jarvis.swarm.executor] [SWARM] Deploying House Party Protocol across 2 tasks on 4 workers...
[2026-09-01 16:07:46.729] [INFO   ] [jarvis.swarm.executor] [SWARM] House Party Protocol completed 2 tasks in 23.3ms
[2026-09-01 16:07:46.737] [INFO   ] [jarvis.swarm.dag] [SWARM DAG] Executing wave 1/2: ['task_a', 'task_b']
[2026-09-01 16:07:46.737] [INFO   ] [jarvis.swarm.executor] [SWARM] Deploying House Party Protocol across 2 tasks on 4 workers...
[2026-09-01 16:07:46.737] [INFO   ] [jarvis.swarm.executor] [SWARM] House Party Protocol completed 2 tasks in 2.1ms
[2026-09-01 16:07:46.741] [INFO   ] [jarvis.swarm.dag] [SWARM DAG] Executing wave 2/2: ['task_c']
[2026-09-01 16:07:46.741] [INFO   ] [jarvis.swarm.executor] [SWARM] Deploying House Party Protocol across 1 tasks on 4 workers...
[2026-09-01 16:07:46.741] [INFO   ] [jarvis.swarm.executor] [SWARM] House Party Protocol completed 1 tasks in 0.8ms
[2026-09-01 16:07:46.750] [INFO   ] [jarvis.audio.persona] [PERSONA] Switched to F.R.I.D.A.Y. in 0.003ms
[2026-09-01 16:07:46.750] [INFO   ] [jarvis.audio.persona] [PERSONA] Switched to E.D.I.T.H. in 0.002ms
[2026-09-01 16:07:46.850] [INFO   ] [jarvis.sync.satellite] [SATELLITE SYNC] Registered satellite device iphone_pro (mobile) at 192.168.1.55
[2026-09-01 16:07:48.783] [INFO   ] [jarvis.memory] ChromaDB vector vault loaded successfully at E:\J.A.R.V.I.S - Upgraded\data\vault\chroma
[2026-09-01 16:07:54.789] [INFO   ] [jarvis.memory] ChromaDB vector vault loaded successfully at E:\J.A.R.V.I.S - Upgraded\data\vault\chroma
[2026-09-01 16:07:55.404] [INFO   ] [jarvis.security.zerotrust] [ZERO TRUST] Operator voiceprint enrolled (5 dims).
[2026-09-01 16:07:55.404] [INFO   ] [jarvis.security.zerotrust] [ZERO TRUST] Voiceprint check: sim=0.9998 (th=0.88) -> PASS
[2026-09-01 16:07:55.404] [INFO   ] [jarvis.security.zerotrust] [ZERO TRUST] Voiceprint check: sim=-0.3877 (th=0.88) -> FAIL
[2026-09-01 16:07:55.410] [INFO   ] [jarvis.hardware.npu] [NPU ENGINE] 12th Gen Intel Core i7-1255U Detected — P-Core Pinned AVX2/VNNI DL Boost pipeline active.
[2026-09-01 16:07:55.412] [INFO   ] [jarvis.hardware.npu] [NPU ENGINE] P-Core Affinity Set: Cores [0, 1, 2, 3] (0x00F)
[2026-09-01 16:07:55.426] [INFO   ] [jarvis.audio.persona] [PERSONA] Switched to F.R.I.D.A.Y. in 0.004ms
[2026-09-01 16:07:55.428] [INFO   ] [jarvis.audio.persona] [PERSONA] Switched to E.D.I.T.H. in 0.004ms
[2026-09-01 16:07:55.428] [INFO   ] [jarvis.audio.persona] [PERSONA] Switched to J.A.R.V.I.S. in 0.004ms
[2026-09-01 16:07:55.448] [INFO   ] [jarvis.audio.persona] [PERSONA] Switched to F.R.I.D.A.Y. in 0.005ms
[2026-09-01 16:08:00.803] [INFO   ] [jarvis.swarm.executor] [SWARM] Deploying House Party Protocol across 2 tasks on 4 workers...
[2026-09-01 16:08:00.826] [INFO   ] [jarvis.swarm.executor] [SWARM] House Party Protocol completed 2 tasks in 23.3ms
[2026-09-01 16:08:00.833] [INFO   ] [jarvis.swarm.dag] [SWARM DAG] Executing wave 1/2: ['task_a', 'task_b']
[2026-09-01 16:08:00.835] [INFO   ] [jarvis.swarm.executor] [SWARM] Deploying House Party Protocol across 2 tasks on 4 workers...
[2026-09-01 16:08:00.836] [INFO   ] [jarvis.swarm.executor] [SWARM] House Party Protocol completed 2 tasks in 2.2ms
[2026-09-01 16:08:00.837] [INFO   ] [jarvis.swarm.dag] [SWARM DAG] Executing wave 2/2: ['task_c']
[2026-09-01 16:08:00.838] [INFO   ] [jarvis.swarm.executor] [SWARM] Deploying House Party Protocol across 1 tasks on 4 workers...
[2026-09-01 16:08:00.839] [INFO   ] [jarvis.swarm.executor] [SWARM] House Party Protocol completed 1 tasks in 1.1ms
[2026-09-01 16:08:00.846] [INFO   ] [jarvis.audio.persona] [PERSONA] Switched to F.R.I.D.A.Y. in 0.002ms
[2026-09-01 16:08:00.846] [INFO   ] [jarvis.audio.persona] [PERSONA] Switched to E.D.I.T.H. in 0.003ms
[2026-09-01 16:08:00.964] [INFO   ] [jarvis.sync.satellite] [SATELLITE SYNC] Registered satellite device iphone_pro (mobile) at 192.168.1.55
[2026-09-01 16:08:06.245] [INFO   ] [jarvis.security.zerotrust] [ZERO TRUST] Operator voiceprint enrolled (5 dims).
[2026-09-01 16:08:06.245] [INFO   ] [jarvis.security.zerotrust] [ZERO TRUST] Voiceprint check: sim=0.9998 (th=0.88) -> PASS
[2026-09-01 16:08:06.246] [INFO   ] [jarvis.security.zerotrust] [ZERO TRUST] Voiceprint check: sim=-0.3877 (th=0.88) -> FAIL
[2026-09-01 16:08:06.248] [INFO   ] [jarvis.hardware.npu] [NPU ENGINE] 12th Gen Intel Core i7-1255U Detected — P-Core Pinned AVX2/VNNI DL Boost pipeline active.
[2026-09-01 16:08:06.249] [INFO   ] [jarvis.hardware.npu] [NPU ENGINE] P-Core Affinity Set: Cores [0, 1, 2, 3] (0x00F)
[2026-09-01 16:08:06.252] [INFO   ] [jarvis.audio.persona] [PERSONA] Switched to F.R.I.D.A.Y. in 0.003ms
[2026-09-01 16:08:06.252] [INFO   ] [jarvis.audio.persona] [PERSONA] Switched to E.D.I.T.H. in 0.002ms
[2026-09-01 16:08:06.252] [INFO   ] [jarvis.audio.persona] [PERSONA] Switched to J.A.R.V.I.S. in 0.001ms
[2026-09-01 16:08:06.264] [INFO   ] [jarvis.audio.persona] [PERSONA] Switched to F.R.I.D.A.Y. in 0.002ms
[2026-09-01 16:08:39.725] [INFO   ] [jarvis] J.A.R.V.I.S. Structured Logging Subsystem initialized (Log File: E:\J.A.R.V.I.S - Upgraded\data\logs\jarvis.log)
[2026-09-01 16:08:40.660] [INFO   ] [jarvis.hardware.npu] [NPU ENGINE] 12th Gen Intel Core i7-1255U Detected — P-Core Pinned AVX2/VNNI DL Boost pipeline active.
[2026-09-01 16:08:41.024] [INFO   ] [jarvis.code_graph] AST Code Graph constructed: 103 nodes, 165 edges
[2026-09-01 16:08:41.405] [INFO   ] [jarvis.code_graph] AST Code Graph constructed: 103 nodes, 165 edges
[2026-09-01 16:08:46.729] [INFO   ] [jarvis] Gracefully shutting down J.A.R.V.I.S. Core Spine Server...
[2026-09-01 16:09:14.370] [INFO   ] [jarvis] J.A.R.V.I.S. Structured Logging Subsystem initialized (Log File: E:\J.A.R.V.I.S - Upgraded\data\logs\jarvis.log)
[2026-09-01 16:09:14.740] [INFO   ] [jarvis] J.A.R.V.I.S. Structured Logging Subsystem initialized (Log File: E:\J.A.R.V.I.S - Upgraded\data\logs\jarvis.log)
[2026-09-01 16:09:14.766] [INFO   ] [jarvis.hardware.npu] [NPU ENGINE] 12th Gen Intel Core i7-1255U Detected — P-Core Pinned AVX2/VNNI DL Boost pipeline active.
[2026-09-01 16:09:14.828] [INFO   ] [jarvis] ============================================================
[2026-09-01 16:09:14.828] [INFO   ] [jarvis]    J.A.R.V.I.S. v3.0 STARK HORIZON CORE SPINE INITIALIZING  
[2026-09-01 16:09:14.829] [INFO   ] [jarvis] ============================================================
[2026-09-01 16:09:14.829] [INFO   ] [jarvis] Endpoint: http://127.0.0.1:8765
[2026-09-01 16:09:14.829] [INFO   ] [jarvis] Root Directory: E:\J.A.R.V.I.S - Upgraded
[2026-09-01 16:09:14.829] [INFO   ] [jarvis] Data Directory: E:\J.A.R.V.I.S - Upgraded\data
[2026-09-01 16:09:14.830] [INFO   ] [jarvis] Process PID 24452 pinned to P-Core threads: [0, 1, 2, 3]
[2026-09-01 16:09:14.833] [INFO   ] [jarvis] Perception Audio Pipeline & Laptop Microphone intake initialized.
[2026-09-01 16:09:15.781] [INFO   ] [jarvis.code_graph] AST Code Graph constructed: 103 nodes, 165 edges
[2026-09-01 16:19:37.015] [INFO   ] [jarvis] J.A.R.V.I.S. Structured Logging Subsystem initialized (Log File: E:\J.A.R.V.I.S - Upgraded\data\logs\jarvis.log)
[2026-09-01 16:19:38.112] [INFO   ] [jarvis.hardware.npu] [NPU ENGINE] 12th Gen Intel Core i7-1255U Detected — P-Core Pinned AVX2/VNNI DL Boost pipeline active.
[2026-09-01 16:19:38.539] [INFO   ] [jarvis.code_graph] AST Code Graph constructed: 104 nodes, 171 edges
[2026-09-01 16:19:38.989] [INFO   ] [jarvis.code_graph] AST Code Graph constructed: 104 nodes, 171 edges
[2026-09-01 16:20:00.053] [INFO   ] [jarvis.stt] faster-whisper 'tiny.en' INT8 engine initialized on CPU P-Cores
[2026-09-01 16:20:01.019] [INFO   ] [jarvis.stt] faster-whisper 'tiny.en' INT8 engine initialized on CPU P-Cores
[2026-09-01 16:20:03.596] [INFO   ] [jarvis.memory] SemanticMemoryVault cleared successfully.
[2026-09-01 16:20:04.562] [INFO   ] [jarvis.memory] ChromaDB vector vault loaded successfully at E:\J.A.R.V.I.S - Upgraded\data\vault\chroma
[2026-09-01 16:20:05.921] [INFO   ] [jarvis.memory] ChromaDB vector vault loaded successfully at E:\J.A.R.V.I.S - Upgraded\data\vault\chroma
[2026-09-01 16:20:21.449] [INFO   ] [jarvis.memory] ChromaDB vector vault loaded successfully at E:\J.A.R.V.I.S - Upgraded\data\vault\chroma
[2026-09-01 16:20:27.828] [INFO   ] [jarvis.memory] ChromaDB vector vault loaded successfully at E:\J.A.R.V.I.S - Upgraded\data\vault\chroma
[2026-09-01 16:20:32.590] [INFO   ] [jarvis.swarm.executor] [SWARM] Deploying House Party Protocol across 2 tasks on 4 workers...
[2026-09-01 16:20:32.613] [INFO   ] [jarvis.swarm.executor] [SWARM] House Party Protocol completed 2 tasks in 23.3ms
[2026-09-01 16:20:32.618] [INFO   ] [jarvis.swarm.dag] [SWARM DAG] Executing wave 1/2: ['task_a', 'task_b']
[2026-09-01 16:20:32.620] [INFO   ] [jarvis.swarm.executor] [SWARM] Deploying House Party Protocol across 2 tasks on 4 workers...
[2026-09-01 16:20:32.622] [INFO   ] [jarvis.swarm.executor] [SWARM] House Party Protocol completed 2 tasks in 2.9ms
[2026-09-01 16:20:32.624] [INFO   ] [jarvis.swarm.dag] [SWARM DAG] Executing wave 2/2: ['task_c']
[2026-09-01 16:20:32.625] [INFO   ] [jarvis.swarm.executor] [SWARM] Deploying House Party Protocol across 1 tasks on 4 workers...
[2026-09-01 16:20:32.626] [INFO   ] [jarvis.swarm.executor] [SWARM] House Party Protocol completed 1 tasks in 1.4ms
[2026-09-01 16:20:32.633] [INFO   ] [jarvis.audio.persona] [PERSONA] Switched to F.R.I.D.A.Y. in 0.002ms
[2026-09-01 16:20:32.633] [INFO   ] [jarvis.audio.persona] [PERSONA] Switched to E.D.I.T.H. in 0.002ms
[2026-09-01 16:20:32.786] [INFO   ] [jarvis.sync.satellite] [SATELLITE SYNC] Registered satellite device iphone_pro (mobile) at 192.168.1.55
[2026-09-01 16:20:38.540] [INFO   ] [jarvis] J.A.R.V.I.S. Structured Logging Subsystem initialized (Log File: E:\J.A.R.V.I.S - Upgraded\data\logs\jarvis.log)
[2026-09-01 16:20:40.854] [INFO   ] [jarvis.security.zerotrust] [ZERO TRUST] Operator voiceprint enrolled (5 dims).
[2026-09-01 16:20:40.855] [INFO   ] [jarvis.security.zerotrust] [ZERO TRUST] Voiceprint check: sim=0.9998 (th=0.88) -> PASS
[2026-09-01 16:20:40.856] [INFO   ] [jarvis.security.zerotrust] [ZERO TRUST] Voiceprint check: sim=-0.3877 (th=0.88) -> FAIL
[2026-09-01 16:20:40.859] [INFO   ] [jarvis.hardware.npu] [NPU ENGINE] 12th Gen Intel Core i7-1255U Detected — P-Core Pinned AVX2/VNNI DL Boost pipeline active.
[2026-09-01 16:20:40.860] [INFO   ] [jarvis.hardware.npu] [NPU ENGINE] P-Core Affinity Set: Cores [0, 1, 2, 3] (0x00F)
[2026-09-01 16:20:40.863] [INFO   ] [jarvis.audio.persona] [PERSONA] Switched to F.R.I.D.A.Y. in 0.004ms
[2026-09-01 16:20:40.864] [INFO   ] [jarvis.audio.persona] [PERSONA] Switched to E.D.I.T.H. in 0.003ms
[2026-09-01 16:20:40.864] [INFO   ] [jarvis.audio.persona] [PERSONA] Switched to J.A.R.V.I.S. in 0.002ms
[2026-09-01 16:20:40.881] [INFO   ] [jarvis.audio.persona] [PERSONA] Switched to F.R.I.D.A.Y. in 0.004ms
[2026-09-01 16:20:44.069] [INFO   ] [jarvis.stt] faster-whisper 'tiny.en' INT8 engine initialized on CPU P-Cores
[2026-09-01 16:20:45.218] [INFO   ] [jarvis.stt] faster-whisper 'tiny.en' INT8 engine initialized on CPU P-Cores
[2026-09-01 16:21:05.521] [INFO   ] [jarvis] J.A.R.V.I.S. Structured Logging Subsystem initialized (Log File: E:\J.A.R.V.I.S - Upgraded\data\logs\jarvis.log)
[2026-09-01 16:21:09.309] [INFO   ] [jarvis.stt] faster-whisper 'tiny.en' INT8 engine initialized on CPU P-Cores
[2026-09-01 16:21:10.266] [INFO   ] [jarvis.stt] faster-whisper 'tiny.en' INT8 engine initialized on CPU P-Cores
[2026-09-01 16:21:28.123] [INFO   ] [jarvis] J.A.R.V.I.S. Structured Logging Subsystem initialized (Log File: E:\J.A.R.V.I.S - Upgraded\data\logs\jarvis.log)
[2026-09-01 16:21:29.245] [INFO   ] [jarvis.hardware.npu] [NPU ENGINE] 12th Gen Intel Core i7-1255U Detected — P-Core Pinned AVX2/VNNI DL Boost pipeline active.
[2026-09-01 16:21:29.733] [INFO   ] [jarvis.code_graph] AST Code Graph constructed: 104 nodes, 171 edges
[2026-09-01 16:21:30.107] [INFO   ] [jarvis.code_graph] AST Code Graph constructed: 104 nodes, 171 edges
[2026-09-01 16:21:32.366] [INFO   ] [jarvis.gpu_engine] Physical GPU Detected: Intel(R) Iris(R) Xe Graphics (VRAM: 2047 MB | Driver: 32.0.101.7088)
[2026-09-01 16:21:41.425] [INFO   ] [jarvis.stt] faster-whisper 'tiny.en' INT8 engine initialized on CPU P-Cores
[2026-09-01 16:21:42.391] [INFO   ] [jarvis.stt] faster-whisper 'tiny.en' INT8 engine initialized on CPU P-Cores
[2026-09-01 16:21:45.425] [INFO   ] [jarvis.memory] SemanticMemoryVault cleared successfully.
[2026-09-01 16:21:46.387] [INFO   ] [jarvis.memory] ChromaDB vector vault loaded successfully at E:\J.A.R.V.I.S - Upgraded\data\vault\chroma
[2026-09-01 16:21:47.712] [INFO   ] [jarvis.memory] ChromaDB vector vault loaded successfully at E:\J.A.R.V.I.S - Upgraded\data\vault\chroma
[2026-09-01 16:21:59.528] [INFO   ] [jarvis.memory] ChromaDB vector vault loaded successfully at E:\J.A.R.V.I.S - Upgraded\data\vault\chroma
[2026-09-01 16:22:02.344] [INFO   ] [jarvis.memory] ChromaDB vector vault loaded successfully at E:\J.A.R.V.I.S - Upgraded\data\vault\chroma
[2026-09-01 16:22:08.358] [INFO   ] [jarvis.swarm.executor] [SWARM] Deploying House Party Protocol across 2 tasks on 4 workers...
[2026-09-01 16:22:08.381] [INFO   ] [jarvis.swarm.executor] [SWARM] House Party Protocol completed 2 tasks in 22.9ms
[2026-09-01 16:22:08.385] [INFO   ] [jarvis.swarm.dag] [SWARM DAG] Executing wave 1/2: ['task_a', 'task_b']
[2026-09-01 16:22:08.386] [INFO   ] [jarvis.swarm.executor] [SWARM] Deploying House Party Protocol across 2 tasks on 4 workers...
[2026-09-01 16:22:08.388] [INFO   ] [jarvis.swarm.executor] [SWARM] House Party Protocol completed 2 tasks in 1.6ms
[2026-09-01 16:22:08.388] [INFO   ] [jarvis.swarm.dag] [SWARM DAG] Executing wave 2/2: ['task_c']
[2026-09-01 16:22:08.389] [INFO   ] [jarvis.swarm.executor] [SWARM] Deploying House Party Protocol across 1 tasks on 4 workers...
[2026-09-01 16:22:08.389] [INFO   ] [jarvis.swarm.executor] [SWARM] House Party Protocol completed 1 tasks in 0.5ms
[2026-09-01 16:22:08.393] [INFO   ] [jarvis.audio.persona] [PERSONA] Switched to F.R.I.D.A.Y. in 0.002ms
[2026-09-01 16:22:08.394] [INFO   ] [jarvis.audio.persona] [PERSONA] Switched to E.D.I.T.H. in 0.003ms
[2026-09-01 16:22:08.503] [INFO   ] [jarvis.sync.satellite] [SATELLITE SYNC] Registered satellite device iphone_pro (mobile) at 192.168.1.55
[2026-09-01 16:22:14.214] [INFO   ] [jarvis.security.zerotrust] [ZERO TRUST] Operator voiceprint enrolled (5 dims).
[2026-09-01 16:22:14.215] [INFO   ] [jarvis.security.zerotrust] [ZERO TRUST] Voiceprint check: sim=0.9998 (th=0.88) -> PASS
[2026-09-01 16:22:14.215] [INFO   ] [jarvis.security.zerotrust] [ZERO TRUST] Voiceprint check: sim=-0.3877 (th=0.88) -> FAIL
[2026-09-01 16:22:14.218] [INFO   ] [jarvis.hardware.npu] [NPU ENGINE] 12th Gen Intel Core i7-1255U Detected — P-Core Pinned AVX2/VNNI DL Boost pipeline active.
[2026-09-01 16:22:14.218] [INFO   ] [jarvis.hardware.npu] [NPU ENGINE] P-Core Affinity Set: Cores [0, 1, 2, 3] (0x00F)
[2026-09-01 16:22:14.221] [INFO   ] [jarvis.audio.persona] [PERSONA] Switched to F.R.I.D.A.Y. in 0.003ms
[2026-09-01 16:22:14.222] [INFO   ] [jarvis.audio.persona] [PERSONA] Switched to E.D.I.T.H. in 0.002ms
[2026-09-01 16:22:14.222] [INFO   ] [jarvis.audio.persona] [PERSONA] Switched to J.A.R.V.I.S. in 0.002ms
[2026-09-01 16:22:14.235] [INFO   ] [jarvis.audio.persona] [PERSONA] Switched to F.R.I.D.A.Y. in 0.003ms
[2026-09-01 16:40:42.882] [INFO   ] [jarvis] J.A.R.V.I.S. Structured Logging Subsystem initialized (Log File: E:\J.A.R.V.I.S - Upgraded\data\logs\jarvis.log)
[2026-09-01 16:40:43.167] [INFO   ] [jarvis] J.A.R.V.I.S. Structured Logging Subsystem initialized (Log File: E:\J.A.R.V.I.S - Upgraded\data\logs\jarvis.log)
[2026-09-01 16:40:43.248] [INFO   ] [jarvis.hardware.npu] [NPU ENGINE] 12th Gen Intel Core i7-1255U Detected — P-Core Pinned AVX2/VNNI DL Boost pipeline active.
[2026-09-01 16:40:43.329] [INFO   ] [jarvis] ============================================================
[2026-09-01 16:40:43.330] [INFO   ] [jarvis]    J.A.R.V.I.S. v3.0 STARK HORIZON CORE SPINE INITIALIZING  
[2026-09-01 16:40:43.330] [INFO   ] [jarvis] ============================================================
[2026-09-01 16:40:43.330] [INFO   ] [jarvis] Endpoint: http://127.0.0.1:8765
[2026-09-01 16:40:43.331] [INFO   ] [jarvis] Root Directory: E:\J.A.R.V.I.S - Upgraded
[2026-09-01 16:40:43.331] [INFO   ] [jarvis] Data Directory: E:\J.A.R.V.I.S - Upgraded\data
[2026-09-01 16:40:43.332] [INFO   ] [jarvis] Process PID 30716 pinned to P-Core threads: [0, 1, 2, 3]
[2026-09-01 16:40:43.336] [INFO   ] [jarvis] Perception Audio Pipeline & Laptop Microphone intake initialized.
[2026-09-01 16:40:44.373] [INFO   ] [jarvis.code_graph] AST Code Graph constructed: 104 nodes, 171 edges
[2026-09-01 16:40:44.923] [INFO   ] [jarvis.gpu_engine] Physical GPU Detected: Intel(R) Iris(R) Xe Graphics (VRAM: 2047 MB | Driver: 32.0.101.7088)
[2026-09-01 16:40:45.055] [INFO   ] [jarvis] [INITIATION VOICE]: J.A.R.V.I.S. online, Sir. P-Cores active, Intel(R) Iris(R) Xe Graphics (2047 MB VRAM) detected, and core spine running in BALANCED profile. Standing by.
[2026-09-01 16:40:45.244] [INFO   ] [jarvis.hardware.npu] [NPU ENGINE] 12th Gen Intel Core i7-1255U Detected — P-Core Pinned AVX2/VNNI DL Boost pipeline active.
[2026-09-01 16:40:46.870] [INFO   ] [jarvis.gpu_engine] Physical GPU Detected: Intel(R) Iris(R) Xe Graphics (VRAM: 2047 MB | Driver: 32.0.101.7088)
